material_id,name,synonyms,material_type,category,subcategory,CAS,PubChem_CID,SMILES,InChIKey,supplier_or_grade_notes,route_suitability,regulatory_or_safety_notes,source_id,curation_status,confidence_score,notes
API_DEXAMETHASONE,Dexamethasone,,api,Drug/API,corticosteroid,,5743.0,,,,neutral corticosteroid; pulmonary/topical/oral nanocarrier payload,API-specific; route depends on approved product and toxicology.,S001_PUBCHEM,seed_curated,0.72,Internal API constants seed; replace uncertain pH-dependent values with project-specific measurements.
API_BUDESONIDE,Budesonide,,api,Drug/API,corticosteroid,,2462.0,,,,neutral corticosteroid; pulmonary delivery candidate,API-specific; route depends on approved product and toxicology.,S001_PUBCHEM,seed_curated,0.72,Internal API constants seed; replace uncertain pH-dependent values with project-specific measurements.
API_FLUTICASONE_PROPIONATE,Fluticasone propionate,,api,Drug/API,corticosteroid,,5311101.0,,,,highly lipophilic inhaled corticosteroid,API-specific; route depends on approved product and toxicology.,S001_PUBCHEM,seed_curated,0.72,Internal API constants seed; replace uncertain pH-dependent values with project-specific measurements.
API_BECLOMETHASONE_DIPROPIONATE,Beclomethasone dipropionate,,api,Drug/API,corticosteroid,,21700.0,,,,inhaled corticosteroid prodrug-like ester,API-specific; route depends on approved product and toxicology.,S001_PUBCHEM,seed_curated,0.72,Internal API constants seed; replace uncertain pH-dependent values with project-specific measurements.
API_PREDNISOLONE,Prednisolone,,api,Drug/API,corticosteroid,,5755.0,,,,corticosteroid; oral/topical/parenteral precedent,API-specific; route depends on approved product and toxicology.,S001_PUBCHEM,seed_curated,0.72,Internal API constants seed; replace uncertain pH-dependent values with project-specific measurements.
API_HYDROCORTISONE,Hydrocortisone,,api,Drug/API,corticosteroid,,5754.0,,,,corticosteroid; benchmark amphiphilic neutral drug,API-specific; route depends on approved product and toxicology.,S001_PUBCHEM,seed_curated,0.72,Internal API constants seed; replace uncertain pH-dependent values with project-specific measurements.
API_CURCUMIN,Curcumin,,api,Drug/API,polyphenol,,969516.0,,,,polyphenol; hydrophobic antioxidant/anti-inflammatory payload,API-specific; route depends on approved product and toxicology.,S001_PUBCHEM,seed_curated,0.72,Internal API constants seed; replace uncertain pH-dependent values with project-specific measurements.
API_QUERCETIN,Quercetin,,api,Drug/API,flavonoid,,5280343.0,,,,flavonoid; crystallization-prone polyphenol,API-specific; route depends on approved product and toxicology.,S001_PUBCHEM,seed_curated,0.72,Internal API constants seed; replace uncertain pH-dependent values with project-specific measurements.
API_RESVERATROL,Resveratrol,,api,Drug/API,polyphenol,,445154.0,,,,polyphenol; neutral weak acid phenolic payload,API-specific; route depends on approved product and toxicology.,S001_PUBCHEM,seed_curated,0.72,Internal API constants seed; replace uncertain pH-dependent values with project-specific measurements.
API_IBUPROFEN,Ibuprofen,,api,Drug/API,NSAID,,3672.0,,,,weak-acid NSAID; ionization controls loading/release,API-specific; route depends on approved product and toxicology.,S001_PUBCHEM,seed_curated,0.72,Internal API constants seed; replace uncertain pH-dependent values with project-specific measurements.
API_KETOPROFEN,Ketoprofen,,api,Drug/API,NSAID,,3825.0,,,,weak-acid NSAID,API-specific; route depends on approved product and toxicology.,S001_PUBCHEM,seed_curated,0.72,Internal API constants seed; replace uncertain pH-dependent values with project-specific measurements.
API_DICLOFENAC,Diclofenac,,api,Drug/API,NSAID,,3033.0,,,,weak-acid NSAID; salt form changes solubility,API-specific; route depends on approved product and toxicology.,S001_PUBCHEM,seed_curated,0.72,Internal API constants seed; replace uncertain pH-dependent values with project-specific measurements.
API_NAPROXEN,Naproxen,,api,Drug/API,NSAID,,156391.0,,,,weak-acid NSAID,API-specific; route depends on approved product and toxicology.,S001_PUBCHEM,seed_curated,0.72,Internal API constants seed; replace uncertain pH-dependent values with project-specific measurements.
API_INDOMETHACIN,Indomethacin,,api,Drug/API,NSAID,,3715.0,,,,weak-acid NSAID; high crystallization risk,API-specific; route depends on approved product and toxicology.,S001_PUBCHEM,seed_curated,0.72,Internal API constants seed; replace uncertain pH-dependent values with project-specific measurements.
API_PACLITAXEL,Paclitaxel,,api,Drug/API,anticancer taxane,,36314.0,,,,neutral bulky hydrophobic anticancer payload,API-specific; route depends on approved product and toxicology.,S001_PUBCHEM,seed_curated,0.72,Internal API constants seed; replace uncertain pH-dependent values with project-specific measurements.
API_DOCETAXEL,Docetaxel,,api,Drug/API,anticancer taxane,,148124.0,,,,taxane; precipitation/crystallization risk,API-specific; route depends on approved product and toxicology.,S001_PUBCHEM,seed_curated,0.72,Internal API constants seed; replace uncertain pH-dependent values with project-specific measurements.
API_DOXORUBICIN,Doxorubicin,,api,Drug/API,anthracycline,,31703.0,,,,cationizable anthracycline; pH-gradient liposome loading,API-specific; route depends on approved product and toxicology.,S001_PUBCHEM,seed_curated,0.72,Internal API constants seed; replace uncertain pH-dependent values with project-specific measurements.
API_CISPLATIN,Cisplatin,,api,Drug/API,platinum complex,,84691.0,,,,placeholder inorganic anticancer; use complex-specific models,API-specific; route depends on approved product and toxicology.,S001_PUBCHEM,seed_curated,0.72,Internal API constants seed; replace uncertain pH-dependent values with project-specific measurements.
API_ACYCLOVIR,Acyclovir,,api,Drug/API,antiviral,,2022.0,,,,hydrophilic antiviral; low lipid compatibility,API-specific; route depends on approved product and toxicology.,S001_PUBCHEM,seed_curated,0.72,Internal API constants seed; replace uncertain pH-dependent values with project-specific measurements.
API_CLOTRIMAZOLE,Clotrimazole,,api,Drug/API,antifungal,,2812.0,,,,lipophilic imidazole antifungal,API-specific; route depends on approved product and toxicology.,S001_PUBCHEM,seed_curated,0.72,Internal API constants seed; replace uncertain pH-dependent values with project-specific measurements.
API_AMPHOTERICIN_B,Amphotericin B,,api,Drug/API,antifungal polyene,,5280965.0,,,,amphiphilic polyene; sterol-binding relevance,API-specific; route depends on approved product and toxicology.,S001_PUBCHEM,seed_curated,0.72,Internal API constants seed; replace uncertain pH-dependent values with project-specific measurements.
API_DOXYCYCLINE,Doxycycline,,api,Drug/API,antibiotic tetracycline,,54671203.0,,,,chelation and pH-sensitive solubility,API-specific; route depends on approved product and toxicology.,S001_PUBCHEM,seed_curated,0.72,Internal API constants seed; replace uncertain pH-dependent values with project-specific measurements.
API_RIFAMPICIN,Rifampicin,,api,Drug/API,antibiotic rifamycin,,5381226.0,,,,large amphiphilic antibiotic; oxidation-sensitive,API-specific; route depends on approved product and toxicology.,S001_PUBCHEM,seed_curated,0.72,Internal API constants seed; replace uncertain pH-dependent values with project-specific measurements.
API_CYCLOSPORINE_A,Cyclosporine A,,api,Drug/API,peptide/cyclic peptide,,5284373.0,,,,cyclic peptide; lipid emulsion/self-emulsifying relevance,API-specific; route depends on approved product and toxicology.,S001_PUBCHEM,seed_curated,0.72,Internal API constants seed; replace uncertain pH-dependent values with project-specific measurements.
API_TACROLIMUS,Tacrolimus,,api,Drug/API,macrolide immunosuppressant,,445643.0,,,,macrolide immunosuppressant,API-specific; route depends on approved product and toxicology.,S001_PUBCHEM,seed_curated,0.72,Internal API constants seed; replace uncertain pH-dependent values with project-specific measurements.
API_SIROLIMUS,Sirolimus,,api,Drug/API,mTOR inhibitor macrolide,,5284616.0,,,,macrolide; amorphous/polymer stabilization candidate,API-specific; route depends on approved product and toxicology.,S001_PUBCHEM,seed_curated,0.72,Internal API constants seed; replace uncertain pH-dependent values with project-specific measurements.
API_ITRACONAZOLE,Itraconazole,,api,Drug/API,triazole antifungal,,55283.0,,,,highly lipophilic weak base,API-specific; route depends on approved product and toxicology.,S001_PUBCHEM,seed_curated,0.72,Internal API constants seed; replace uncertain pH-dependent values with project-specific measurements.
API_VORICONAZOLE,Voriconazole,,api,Drug/API,triazole antifungal,,71616.0,,,,weak base; oral/parenteral precedent,API-specific; route depends on approved product and toxicology.,S001_PUBCHEM,seed_curated,0.72,Internal API constants seed; replace uncertain pH-dependent values with project-specific measurements.
API_CELECOXIB,Celecoxib,,api,Drug/API,NSAID/COX-2 inhibitor,,2662.0,,,,weakly acidic sulfonamide; hydrophobic,API-specific; route depends on approved product and toxicology.,S001_PUBCHEM,seed_curated,0.72,Internal API constants seed; replace uncertain pH-dependent values with project-specific measurements.
API_NIFEDIPINE,Nifedipine,,api,Drug/API,calcium-channel blocker,,4485.0,,,,photolabile dihydropyridine,API-specific; route depends on approved product and toxicology.,S001_PUBCHEM,seed_curated,0.72,Internal API constants seed; replace uncertain pH-dependent values with project-specific measurements.
API_FELODIPINE,Felodipine,,api,Drug/API,calcium-channel blocker,,3333.0,,,,hydrophobic dihydropyridine,API-specific; route depends on approved product and toxicology.,S001_PUBCHEM,seed_curated,0.72,Internal API constants seed; replace uncertain pH-dependent values with project-specific measurements.
API_CARVEDILOL,Carvedilol,,api,Drug/API,beta-blocker,,2585.0,,,,basic amphiphile; ionization affects zeta/loading,API-specific; route depends on approved product and toxicology.,S001_PUBCHEM,seed_curated,0.72,Internal API constants seed; replace uncertain pH-dependent values with project-specific measurements.
API_ATORVASTATIN,Atorvastatin,,api,Drug/API,statin,,60823.0,,,,weak acid; salt form must be explicit,API-specific; route depends on approved product and toxicology.,S001_PUBCHEM,seed_curated,0.72,Internal API constants seed; replace uncertain pH-dependent values with project-specific measurements.
API_SIMVASTATIN,Simvastatin,,api,Drug/API,statin lactone,,54454.0,,,,neutral lactone prodrug; hydrophobic,API-specific; route depends on approved product and toxicology.,S001_PUBCHEM,seed_curated,0.72,Internal API constants seed; replace uncertain pH-dependent values with project-specific measurements.
API_FENOFIBRATE,Fenofibrate,,api,Drug/API,fibrate,,3339.0,,,,hydrophobic ester; lipid carrier model drug,API-specific; route depends on approved product and toxicology.,S001_PUBCHEM,seed_curated,0.72,Internal API constants seed; replace uncertain pH-dependent values with project-specific measurements.
PAY_SIRNA_DUPLEX_PLACEHOLDER,siRNA duplex placeholder,siRNA;siRNA (placeholder);small interfering RNA,api,Payload placeholder,nucleic-acid payload placeholder,,,,,,research/design placeholder only,Not an actual curated substance; replace with sequence-specific material row.,S000_USER_SPEC,placeholder,0.25,"Use sequence-specific MW, GC%, ionizable-lipid N/P ratio, and buffer pH."
PAY_MRNA_PAYLOAD_PLACEHOLDER,mRNA payload placeholder,mRNA;mRNA (placeholder);messenger RNA,api,Payload placeholder,nucleic-acid payload placeholder,,,,,,research/design placeholder only,Not an actual curated substance; replace with sequence-specific material row.,S000_USER_SPEC,placeholder,0.25,"Use transcript length, cap/polyA/modification and buffer-specific hydrodynamic descriptors."
PAY_PEPTIDE_PAYLOAD_PLACEHOLDER,Peptide payload placeholder,,api,Payload placeholder,peptide payload placeholder,,,,,,research/design placeholder only,Not an actual curated substance; replace with sequence-specific material row.,S000_USER_SPEC,placeholder,0.25,"Use sequence-specific pI, net charge, instability motifs, and proteolysis risk."
SURF_SPAN_20,Span 20,,nonionic_surfactant,Nonionic surfactant,Span/sorbitan ester,,,,,,oral/topical; selected grades may support parenteral/inhalation with toxicology,Check IID/compendial grade and route-specific limits.,S011_CRODA_SPAN_TWEEN,seed_curated,0.68,
SURF_SPAN_40,Span 40,,nonionic_surfactant,Nonionic surfactant,Span/sorbitan ester,,,,,,oral/topical; selected grades may support parenteral/inhalation with toxicology,Check IID/compendial grade and route-specific limits.,S011_CRODA_SPAN_TWEEN,seed_curated,0.68,
SURF_SPAN_60,Span 60,,nonionic_surfactant,Nonionic surfactant,Span/sorbitan ester,,,,,,oral/topical; selected grades may support parenteral/inhalation with toxicology,Check IID/compendial grade and route-specific limits.,S011_CRODA_SPAN_TWEEN,seed_curated,0.68,
SURF_SPAN_65,Span 65,,nonionic_surfactant,Nonionic surfactant,Span/sorbitan ester,,,,,,oral/topical; selected grades may support parenteral/inhalation with toxicology,Check IID/compendial grade and route-specific limits.,S011_CRODA_SPAN_TWEEN,seed_curated,0.68,
SURF_SPAN_80,Span 80,,nonionic_surfactant,Nonionic surfactant,Span/sorbitan ester,,,,,,oral/topical; selected grades may support parenteral/inhalation with toxicology,Check IID/compendial grade and route-specific limits.,S011_CRODA_SPAN_TWEEN,seed_curated,0.68,
SURF_SPAN_85,Span 85,,nonionic_surfactant,Nonionic surfactant,Span/sorbitan ester,,,,,,oral/topical; selected grades may support parenteral/inhalation with toxicology,Check IID/compendial grade and route-specific limits.,S011_CRODA_SPAN_TWEEN,seed_curated,0.68,
SURF_TWEEN_20,Tween 20,,nonionic_surfactant,Nonionic surfactant,Tween/polysorbate,,,,,,oral/topical; selected grades may support parenteral/inhalation with toxicology,Check IID/compendial grade and route-specific limits.,S011_CRODA_SPAN_TWEEN,seed_curated,0.68,
SURF_TWEEN_21,Tween 21,,nonionic_surfactant,Nonionic surfactant,Tween/polysorbate,,,,,,oral/topical; selected grades may support parenteral/inhalation with toxicology,Check IID/compendial grade and route-specific limits.,S011_CRODA_SPAN_TWEEN,seed_curated,0.68,
SURF_TWEEN_40,Tween 40,,nonionic_surfactant,Nonionic surfactant,Tween/polysorbate,,,,,,oral/topical; selected grades may support parenteral/inhalation with toxicology,Check IID/compendial grade and route-specific limits.,S011_CRODA_SPAN_TWEEN,seed_curated,0.68,
SURF_TWEEN_60,Tween 60,,nonionic_surfactant,Nonionic surfactant,Tween/polysorbate,,,,,,oral/topical; selected grades may support parenteral/inhalation with toxicology,Check IID/compendial grade and route-specific limits.,S011_CRODA_SPAN_TWEEN,seed_curated,0.68,
SURF_TWEEN_61,Tween 61,,nonionic_surfactant,Nonionic surfactant,Tween/polysorbate,,,,,,oral/topical; selected grades may support parenteral/inhalation with toxicology,Check IID/compendial grade and route-specific limits.,S011_CRODA_SPAN_TWEEN,seed_curated,0.68,
SURF_TWEEN_65,Tween 65,,nonionic_surfactant,Nonionic surfactant,Tween/polysorbate,,,,,,oral/topical; selected grades may support parenteral/inhalation with toxicology,Check IID/compendial grade and route-specific limits.,S011_CRODA_SPAN_TWEEN,seed_curated,0.68,
SURF_TWEEN_80,Tween 80,,nonionic_surfactant,Nonionic surfactant,Tween/polysorbate,,,,,,oral/topical; selected grades may support parenteral/inhalation with toxicology,Check IID/compendial grade and route-specific limits.,S011_CRODA_SPAN_TWEEN,seed_curated,0.68,
SURF_TWEEN_81,Tween 81,,nonionic_surfactant,Nonionic surfactant,Tween/polysorbate,,,,,,oral/topical; selected grades may support parenteral/inhalation with toxicology,Check IID/compendial grade and route-specific limits.,S011_CRODA_SPAN_TWEEN,seed_curated,0.68,
SURF_TWEEN_85,Tween 85,,nonionic_surfactant,Nonionic surfactant,Tween/polysorbate,,,,,,oral/topical; selected grades may support parenteral/inhalation with toxicology,Check IID/compendial grade and route-specific limits.,S011_CRODA_SPAN_TWEEN,seed_curated,0.68,
SURF_BRIJ_30,Brij 30,,nonionic_surfactant,Nonionic surfactant,Brij/fatty alcohol ethoxylate,,,,,,oral/topical; selected grades may support parenteral/inhalation with toxicology,Check IID/compendial grade and route-specific limits.,S007_EXCIPIENTS_HANDBOOK,seed_curated,0.68,
SURF_BRIJ_35,Brij 35,,nonionic_surfactant,Nonionic surfactant,Brij/fatty alcohol ethoxylate,,,,,,oral/topical; selected grades may support parenteral/inhalation with toxicology,Check IID/compendial grade and route-specific limits.,S007_EXCIPIENTS_HANDBOOK,seed_curated,0.68,
SURF_BRIJ_52,Brij 52,,nonionic_surfactant,Nonionic surfactant,Brij/fatty alcohol ethoxylate,,,,,,oral/topical; selected grades may support parenteral/inhalation with toxicology,Check IID/compendial grade and route-specific limits.,S007_EXCIPIENTS_HANDBOOK,seed_curated,0.68,
SURF_BRIJ_56,Brij 56,,nonionic_surfactant,Nonionic surfactant,Brij/fatty alcohol ethoxylate,,,,,,oral/topical; selected grades may support parenteral/inhalation with toxicology,Check IID/compendial grade and route-specific limits.,S007_EXCIPIENTS_HANDBOOK,seed_curated,0.68,
SURF_BRIJ_58,Brij 58,,nonionic_surfactant,Nonionic surfactant,Brij/fatty alcohol ethoxylate,,,,,,oral/topical; selected grades may support parenteral/inhalation with toxicology,Check IID/compendial grade and route-specific limits.,S007_EXCIPIENTS_HANDBOOK,seed_curated,0.68,
SURF_BRIJ_72,Brij 72,,nonionic_surfactant,Nonionic surfactant,Brij/fatty alcohol ethoxylate,,,,,,oral/topical; selected grades may support parenteral/inhalation with toxicology,Check IID/compendial grade and route-specific limits.,S007_EXCIPIENTS_HANDBOOK,seed_curated,0.68,
SURF_BRIJ_76,Brij 76,,nonionic_surfactant,Nonionic surfactant,Brij/fatty alcohol ethoxylate,,,,,,oral/topical; selected grades may support parenteral/inhalation with toxicology,Check IID/compendial grade and route-specific limits.,S007_EXCIPIENTS_HANDBOOK,seed_curated,0.68,
SURF_BRIJ_78,Brij 78,,nonionic_surfactant,Nonionic surfactant,Brij/fatty alcohol ethoxylate,,,,,,oral/topical; selected grades may support parenteral/inhalation with toxicology,Check IID/compendial grade and route-specific limits.,S007_EXCIPIENTS_HANDBOOK,seed_curated,0.68,
SURF_BRIJ_92,Brij 92,,nonionic_surfactant,Nonionic surfactant,Brij/fatty alcohol ethoxylate,,,,,,oral/topical; selected grades may support parenteral/inhalation with toxicology,Check IID/compendial grade and route-specific limits.,S007_EXCIPIENTS_HANDBOOK,seed_curated,0.68,
SURF_BRIJ_96,Brij 96,,nonionic_surfactant,Nonionic surfactant,Brij/fatty alcohol ethoxylate,,,,,,oral/topical; selected grades may support parenteral/inhalation with toxicology,Check IID/compendial grade and route-specific limits.,S007_EXCIPIENTS_HANDBOOK,seed_curated,0.68,
SURF_BRIJ_98,Brij 98,,nonionic_surfactant,Nonionic surfactant,Brij/fatty alcohol ethoxylate,,,,,,oral/topical; selected grades may support parenteral/inhalation with toxicology,Check IID/compendial grade and route-specific limits.,S007_EXCIPIENTS_HANDBOOK,seed_curated,0.68,
SURF_MYRJ_45,Myrj 45,,nonionic_surfactant,Nonionic surfactant,Myrj/polyoxyl stearate,,,,,,oral/topical; selected grades may support parenteral/inhalation with toxicology,Check IID/compendial grade and route-specific limits.,S007_EXCIPIENTS_HANDBOOK,seed_curated,0.68,
SURF_MYRJ_49,Myrj 49,,nonionic_surfactant,Nonionic surfactant,Myrj/polyoxyl stearate,,,,,,oral/topical; selected grades may support parenteral/inhalation with toxicology,Check IID/compendial grade and route-specific limits.,S007_EXCIPIENTS_HANDBOOK,seed_curated,0.68,
SURF_MYRJ_52,Myrj 52,,nonionic_surfactant,Nonionic surfactant,Myrj/polyoxyl stearate,,,,,,oral/topical; selected grades may support parenteral/inhalation with toxicology,Check IID/compendial grade and route-specific limits.,S007_EXCIPIENTS_HANDBOOK,seed_curated,0.68,
SURF_MYRJ_53,Myrj 53,,nonionic_surfactant,Nonionic surfactant,Myrj/polyoxyl stearate,,,,,,oral/topical; selected grades may support parenteral/inhalation with toxicology,Check IID/compendial grade and route-specific limits.,S007_EXCIPIENTS_HANDBOOK,seed_curated,0.68,
SURF_MYRJ_59,Myrj 59,,nonionic_surfactant,Nonionic surfactant,Myrj/polyoxyl stearate,,,,,,oral/topical; selected grades may support parenteral/inhalation with toxicology,Check IID/compendial grade and route-specific limits.,S007_EXCIPIENTS_HANDBOOK,seed_curated,0.68,
SURF_POLOXAMER_124,Poloxamer 124,,nonionic_surfactant,Nonionic surfactant,poloxamer PEO-PPO-PEO,,,,,,oral/topical; selected grades may support parenteral/inhalation with toxicology,Check IID/compendial grade and route-specific limits.,S010_BASF_KOLLIPHOR,seed_curated,0.68,
SURF_POLOXAMER_188,Poloxamer 188,,nonionic_surfactant,Nonionic surfactant,poloxamer PEO-PPO-PEO,,,,,,oral/topical; selected grades may support parenteral/inhalation with toxicology,Check IID/compendial grade and route-specific limits.,S010_BASF_KOLLIPHOR,seed_curated,0.68,
SURF_POLOXAMER_237,Poloxamer 237,,nonionic_surfactant,Nonionic surfactant,poloxamer PEO-PPO-PEO,,,,,,oral/topical; selected grades may support parenteral/inhalation with toxicology,Check IID/compendial grade and route-specific limits.,S010_BASF_KOLLIPHOR,seed_curated,0.68,
SURF_POLOXAMER_338,Poloxamer 338,,nonionic_surfactant,Nonionic surfactant,poloxamer PEO-PPO-PEO,,,,,,oral/topical; selected grades may support parenteral/inhalation with toxicology,Check IID/compendial grade and route-specific limits.,S010_BASF_KOLLIPHOR,seed_curated,0.68,
SURF_POLOXAMER_407,Poloxamer 407,,nonionic_surfactant,Nonionic surfactant,poloxamer PEO-PPO-PEO,,,,,,oral/topical; selected grades may support parenteral/inhalation with toxicology,Check IID/compendial grade and route-specific limits.,S010_BASF_KOLLIPHOR,seed_curated,0.68,
SURF_POLOXAMER_P85,Poloxamer P85,,nonionic_surfactant,Nonionic surfactant,poloxamer PEO-PPO-PEO,,,,,,oral/topical; selected grades may support parenteral/inhalation with toxicology,Check IID/compendial grade and route-specific limits.,S010_BASF_KOLLIPHOR,seed_curated,0.68,
SURF_POLOXAMER_L64,Poloxamer L64,,nonionic_surfactant,Nonionic surfactant,poloxamer PEO-PPO-PEO,,,,,,oral/topical; selected grades may support parenteral/inhalation with toxicology,Check IID/compendial grade and route-specific limits.,S010_BASF_KOLLIPHOR,seed_curated,0.68,
SURF_KOLLIPHOR_P188,Kolliphor P188,,nonionic_surfactant,Nonionic surfactant,Kolliphor/poloxamer,,,,,,oral/topical; selected grades may support parenteral/inhalation with toxicology,Check IID/compendial grade and route-specific limits.,S010_BASF_KOLLIPHOR,seed_curated,0.68,
SURF_KOLLIPHOR_P407,Kolliphor P407,,nonionic_surfactant,Nonionic surfactant,Kolliphor/poloxamer,,,,,,oral/topical; selected grades may support parenteral/inhalation with toxicology,Check IID/compendial grade and route-specific limits.,S010_BASF_KOLLIPHOR,seed_curated,0.68,
SURF_KOLLIPHOR_HS15_SOLUTOL_HS15,Kolliphor HS15 / Solutol HS15,Kolliphor HS15;Solutol HS15,nonionic_surfactant,Nonionic surfactant,Kolliphor/Cremophor,,,,,,oral/topical; selected grades may support parenteral/inhalation with toxicology,Check IID/compendial grade and route-specific limits.,S010_BASF_KOLLIPHOR,seed_curated,0.68,macrogol 15 hydroxystearate; parenteral solubilizer precedent
SURF_KOLLIPHOR_EL_CREMOPHOR_EL,Kolliphor EL / Cremophor EL,Cremophor EL;Kolliphor EL,nonionic_surfactant,Nonionic surfactant,Kolliphor/Cremophor,,,,,,oral/topical; selected grades may support parenteral/inhalation with toxicology,Check IID/compendial grade and route-specific limits.,S010_BASF_KOLLIPHOR,seed_curated,0.68,polyoxyl castor oil; hypersensitivity risk in parenteral taxane products
SURF_KOLLIPHOR_RH40_CREMOPHOR_RH40,Kolliphor RH40 / Cremophor RH40,Cremophor RH40;Kolliphor RH40,nonionic_surfactant,Nonionic surfactant,Kolliphor/Cremophor,,,,,,oral/topical; selected grades may support parenteral/inhalation with toxicology,Check IID/compendial grade and route-specific limits.,S010_BASF_KOLLIPHOR,seed_curated,0.68,polyoxyl 40 hydrogenated castor oil
SURF_LABRASOL,Labrasol,,nonionic_surfactant,Nonionic surfactant,Gattefossé solubilizer,,,,,,oral/topical; selected grades may support parenteral/inhalation with toxicology,Check IID/compendial grade and route-specific limits.,S009_GATTEFOSSE,seed_curated,0.68,
SURF_TRANSCUTOL_P,Transcutol P,,nonionic_surfactant,Nonionic surfactant,cosolvent/solubilizer,,,,,,oral/topical; selected grades may support parenteral/inhalation with toxicology,Check IID/compendial grade and route-specific limits.,S009_GATTEFOSSE,seed_curated,0.68,
SURF_VITAMIN_E_TPGS,Vitamin E TPGS,,nonionic_surfactant,Nonionic surfactant,vitamin-E surfactant,,,,,,oral/topical; selected grades may support parenteral/inhalation with toxicology,Check IID/compendial grade and route-specific limits.,S007_EXCIPIENTS_HANDBOOK,seed_curated,0.68,
SURF_SLS_SODIUM_LAURYL_SULFATE,SLS / sodium lauryl sulfate,SDS;SLS;sodium dodecyl sulfate;sodium lauryl sulfate,nonionic_surfactant,Ionic surfactant,anionic surfactant,,,,,,oral/topical; selected grades may support parenteral/inhalation with toxicology,Check IID/compendial grade and route-specific limits.,S007_EXCIPIENTS_HANDBOOK,seed_curated,0.68,
SURF_CTAB,CTAB,,nonionic_surfactant,Ionic surfactant,cationic surfactant,,,,,,oral/topical; selected grades may support parenteral/inhalation with toxicology,Check IID/compendial grade and route-specific limits.,S007_EXCIPIENTS_HANDBOOK,seed_curated,0.68,
SURF_SUCROSE_MONOLAURATE,Sucrose monolaurate,,nonionic_surfactant,Nonionic surfactant,sucrose ester,,,,,,oral/topical; selected grades may support parenteral/inhalation with toxicology,Check IID/compendial grade and route-specific limits.,S007_EXCIPIENTS_HANDBOOK,seed_curated,0.68,
SURF_SUCROSE_MONOPALMITATE,Sucrose monopalmitate,,nonionic_surfactant,Nonionic surfactant,sucrose ester,,,,,,oral/topical; selected grades may support parenteral/inhalation with toxicology,Check IID/compendial grade and route-specific limits.,S007_EXCIPIENTS_HANDBOOK,seed_curated,0.68,
SURF_SUCROSE_MONOSTEARATE,Sucrose monostearate,,nonionic_surfactant,Nonionic surfactant,sucrose ester,,,,,,oral/topical; selected grades may support parenteral/inhalation with toxicology,Check IID/compendial grade and route-specific limits.,S007_EXCIPIENTS_HANDBOOK,seed_curated,0.68,
SURF_SUCROSE_MONOOLEATE,Sucrose monooleate,,nonionic_surfactant,Nonionic surfactant,sucrose ester,,,,,,oral/topical; selected grades may support parenteral/inhalation with toxicology,Check IID/compendial grade and route-specific limits.,S007_EXCIPIENTS_HANDBOOK,seed_curated,0.68,
SURF_OCTYL_GLUCOSIDE,Octyl glucoside,,nonionic_surfactant,Nonionic surfactant,alkyl glycoside,,,,,,oral/topical; selected grades may support parenteral/inhalation with toxicology,Check IID/compendial grade and route-specific limits.,S007_EXCIPIENTS_HANDBOOK,seed_curated,0.68,
SURF_DECYL_MALTOSIDE,Decyl maltoside,,nonionic_surfactant,Nonionic surfactant,alkyl glycoside,,,,,,oral/topical; selected grades may support parenteral/inhalation with toxicology,Check IID/compendial grade and route-specific limits.,S007_EXCIPIENTS_HANDBOOK,seed_curated,0.68,
SURF_LAURYL_MALTOSIDE,Lauryl maltoside,,nonionic_surfactant,Nonionic surfactant,alkyl glycoside,,,,,,oral/topical; selected grades may support parenteral/inhalation with toxicology,Check IID/compendial grade and route-specific limits.,S007_EXCIPIENTS_HANDBOOK,seed_curated,0.68,
LIP_LECITHIN,Lecithin,phosphatidylcholine-rich natural phospholipid mixture,phospholipid,Phospholipid/membrane lipid,natural/mixed phospholipid,,,,,,liposome/LNP/nanocarrier; route-grade dependent,Use GMP lipid grade and route-specific impurity/endotoxin specs.,S003_AVANTI_PHASE,seed_curated,0.72,composition-grade dependent
LIP_EGG_PHOSPHATIDYLCHOLINE_EPC,Egg phosphatidylcholine / EPC,EPC;Egg phosphatidylcholine;egg PC,phospholipid,Phospholipid/membrane lipid,natural/mixed phospholipid,,,,,,liposome/LNP/nanocarrier; route-grade dependent,Use GMP lipid grade and route-specific impurity/endotoxin specs.,S003_AVANTI_PHASE,seed_curated,0.72,mixed egg PC acyl distribution
LIP_SOY_PHOSPHATIDYLCHOLINE_SPC,Soy phosphatidylcholine / SPC,SPC;Soy phosphatidylcholine;soy PC,phospholipid,Phospholipid/membrane lipid,natural/mixed phospholipid,,,,,,liposome/LNP/nanocarrier; route-grade dependent,Use GMP lipid grade and route-specific impurity/endotoxin specs.,S003_AVANTI_PHASE,seed_curated,0.72,mixed soy PC; unsaturated-rich
LIP_HYDROGENATED_SOY_PHOSPHATIDYLCHOLINE_HSPC,Hydrogenated soy phosphatidylcholine / HSPC,HSPC;Hydrogenated soy phosphatidylcholine,phospholipid,Phospholipid/membrane lipid,natural/mixed phospholipid,,,,,,liposome/LNP/nanocarrier; route-grade dependent,Use GMP lipid grade and route-specific impurity/endotoxin specs.,S003_AVANTI_PHASE,seed_curated,0.72,hydrogenated soy PC; saturated-rich high Tm
LIP_DLPC,DLPC,,phospholipid,Phospholipid/membrane lipid,PC lipid,,,,,,liposome/LNP/nanocarrier; route-grade dependent,Use GMP lipid grade and route-specific impurity/endotoxin specs.,S003_AVANTI_PHASE,seed_curated,0.72,Synthetic phosphatidylcholine.
LIP_DMPC,DMPC,,phospholipid,Phospholipid/membrane lipid,PC lipid,,,,,,liposome/LNP/nanocarrier; route-grade dependent,Use GMP lipid grade and route-specific impurity/endotoxin specs.,S003_AVANTI_PHASE,seed_curated,0.72,Synthetic phosphatidylcholine.
LIP_DPPC,DPPC,,phospholipid,Phospholipid/membrane lipid,PC lipid,,,,,,liposome/LNP/nanocarrier; route-grade dependent,Use GMP lipid grade and route-specific impurity/endotoxin specs.,S003_AVANTI_PHASE,seed_curated,0.72,Synthetic phosphatidylcholine.
LIP_DSPC,DSPC,,phospholipid,Phospholipid/membrane lipid,PC lipid,,,,,,liposome/LNP/nanocarrier; route-grade dependent,Use GMP lipid grade and route-specific impurity/endotoxin specs.,S003_AVANTI_PHASE,seed_curated,0.72,Synthetic phosphatidylcholine.
LIP_DOPC,DOPC,,phospholipid,Phospholipid/membrane lipid,PC lipid,,,,,,liposome/LNP/nanocarrier; route-grade dependent,Use GMP lipid grade and route-specific impurity/endotoxin specs.,S003_AVANTI_PHASE,seed_curated,0.72,Synthetic phosphatidylcholine.
LIP_POPC,POPC,,phospholipid,Phospholipid/membrane lipid,PC lipid,,,,,,liposome/LNP/nanocarrier; route-grade dependent,Use GMP lipid grade and route-specific impurity/endotoxin specs.,S003_AVANTI_PHASE,seed_curated,0.72,Synthetic phosphatidylcholine.
LIP_SOPC,SOPC,,phospholipid,Phospholipid/membrane lipid,PC lipid,,,,,,liposome/LNP/nanocarrier; route-grade dependent,Use GMP lipid grade and route-specific impurity/endotoxin specs.,S003_AVANTI_PHASE,seed_curated,0.72,Synthetic phosphatidylcholine.
LIP_DOPE,DOPE,,phospholipid,Phospholipid/membrane lipid,PE lipid,,,,,,liposome/LNP/nanocarrier; route-grade dependent,Use GMP lipid grade and route-specific impurity/endotoxin specs.,S003_AVANTI_PHASE,seed_curated,0.72,PE lipids can enhance fusogenic/non-lamellar propensity depending on pH and composition.
LIP_POPE,POPE,,phospholipid,Phospholipid/membrane lipid,PE lipid,,,,,,liposome/LNP/nanocarrier; route-grade dependent,Use GMP lipid grade and route-specific impurity/endotoxin specs.,S003_AVANTI_PHASE,seed_curated,0.72,PE lipids can enhance fusogenic/non-lamellar propensity depending on pH and composition.
LIP_DSPE,DSPE,,phospholipid,Phospholipid/membrane lipid,PE lipid,,,,,,liposome/LNP/nanocarrier; route-grade dependent,Use GMP lipid grade and route-specific impurity/endotoxin specs.,S003_AVANTI_PHASE,seed_curated,0.72,PE lipids can enhance fusogenic/non-lamellar propensity depending on pH and composition.
LIP_DPPE,DPPE,,phospholipid,Phospholipid/membrane lipid,PE lipid,,,,,,liposome/LNP/nanocarrier; route-grade dependent,Use GMP lipid grade and route-specific impurity/endotoxin specs.,S003_AVANTI_PHASE,seed_curated,0.72,PE lipids can enhance fusogenic/non-lamellar propensity depending on pH and composition.
LIP_DMPE,DMPE,,phospholipid,Phospholipid/membrane lipid,PE lipid,,,,,,liposome/LNP/nanocarrier; route-grade dependent,Use GMP lipid grade and route-specific impurity/endotoxin specs.,S003_AVANTI_PHASE,seed_curated,0.72,PE lipids can enhance fusogenic/non-lamellar propensity depending on pH and composition.
LIP_DPPG,DPPG,,phospholipid,Phospholipid/membrane lipid,PG lipid,,,,,,liposome/LNP/nanocarrier; route-grade dependent,Use GMP lipid grade and route-specific impurity/endotoxin specs.,S003_AVANTI_PHASE,seed_curated,0.72,Anionic phosphoglycerol charge inducer/stabilizer.
LIP_DOPG,DOPG,,phospholipid,Phospholipid/membrane lipid,PG lipid,,,,,,liposome/LNP/nanocarrier; route-grade dependent,Use GMP lipid grade and route-specific impurity/endotoxin specs.,S003_AVANTI_PHASE,seed_curated,0.72,Anionic phosphoglycerol charge inducer/stabilizer.
LIP_POPG,POPG,,phospholipid,Phospholipid/membrane lipid,PG lipid,,,,,,liposome/LNP/nanocarrier; route-grade dependent,Use GMP lipid grade and route-specific impurity/endotoxin specs.,S003_AVANTI_PHASE,seed_curated,0.72,Anionic phosphoglycerol charge inducer/stabilizer.
LIP_DSPG,DSPG,,phospholipid,Phospholipid/membrane lipid,PG lipid,,,,,,liposome/LNP/nanocarrier; route-grade dependent,Use GMP lipid grade and route-specific impurity/endotoxin specs.,S003_AVANTI_PHASE,seed_curated,0.72,Anionic phosphoglycerol charge inducer/stabilizer.
LIP_DOPS,DOPS,,phospholipid,Phospholipid/membrane lipid,PS/PA lipid,,,,,,liposome/LNP/nanocarrier; route-grade dependent,Use GMP lipid grade and route-specific impurity/endotoxin specs.,S003_AVANTI_PHASE,seed_curated,0.72,Anionic lipid; pH/counterion affects charge and phase behavior.
LIP_DPPS,DPPS,,phospholipid,Phospholipid/membrane lipid,PS/PA lipid,,,,,,liposome/LNP/nanocarrier; route-grade dependent,Use GMP lipid grade and route-specific impurity/endotoxin specs.,S003_AVANTI_PHASE,seed_curated,0.72,Anionic lipid; pH/counterion affects charge and phase behavior.
LIP_DOPA,DOPA,,phospholipid,Phospholipid/membrane lipid,PS/PA lipid,,,,,,liposome/LNP/nanocarrier; route-grade dependent,Use GMP lipid grade and route-specific impurity/endotoxin specs.,S003_AVANTI_PHASE,seed_curated,0.72,Anionic lipid; pH/counterion affects charge and phase behavior.
LIP_DPPA,DPPA,,phospholipid,Phospholipid/membrane lipid,PS/PA lipid,,,,,,liposome/LNP/nanocarrier; route-grade dependent,Use GMP lipid grade and route-specific impurity/endotoxin specs.,S003_AVANTI_PHASE,seed_curated,0.72,Anionic lipid; pH/counterion affects charge and phase behavior.
LIP_DSPE_PEG2000,DSPE-PEG2000,,phospholipid,Phospholipid/membrane lipid,PEG-lipid,,,,,,liposome/LNP/nanocarrier; route-grade dependent,Use GMP lipid grade and route-specific impurity/endotoxin specs.,S003_AVANTI_PHASE,seed_curated,0.72,PEG-lipid; controls steric stabilization and LNP desorption kinetics.
LIP_DSPE_PEG5000,DSPE-PEG5000,,phospholipid,Phospholipid/membrane lipid,PEG-lipid,,,,,,liposome/LNP/nanocarrier; route-grade dependent,Use GMP lipid grade and route-specific impurity/endotoxin specs.,S003_AVANTI_PHASE,seed_curated,0.72,PEG-lipid; controls steric stabilization and LNP desorption kinetics.
LIP_DMG_PEG2000,DMG-PEG2000,,phospholipid,Phospholipid/membrane lipid,PEG-lipid,,,,,,liposome/LNP/nanocarrier; route-grade dependent,Use GMP lipid grade and route-specific impurity/endotoxin specs.,S003_AVANTI_PHASE,seed_curated,0.72,PEG-lipid; controls steric stabilization and LNP desorption kinetics.
LIP_PEG_DMG,PEG-DMG,,phospholipid,Phospholipid/membrane lipid,PEG-lipid,,,,,,liposome/LNP/nanocarrier; route-grade dependent,Use GMP lipid grade and route-specific impurity/endotoxin specs.,S003_AVANTI_PHASE,seed_curated,0.72,PEG-lipid; controls steric stabilization and LNP desorption kinetics.
LIP_PEG_DSG,PEG-DSG,,phospholipid,Phospholipid/membrane lipid,PEG-lipid,,,,,,liposome/LNP/nanocarrier; route-grade dependent,Use GMP lipid grade and route-specific impurity/endotoxin specs.,S003_AVANTI_PHASE,seed_curated,0.72,PEG-lipid; controls steric stabilization and LNP desorption kinetics.
LIP_PEG_DPPE,PEG-DPPE,,phospholipid,Phospholipid/membrane lipid,PEG-lipid,,,,,,liposome/LNP/nanocarrier; route-grade dependent,Use GMP lipid grade and route-specific impurity/endotoxin specs.,S003_AVANTI_PHASE,seed_curated,0.72,PEG-lipid; controls steric stabilization and LNP desorption kinetics.
LIP_DOTAP,DOTAP,,phospholipid,Phospholipid/membrane lipid,cationic lipid,,,,,,liposome/LNP/nanocarrier; route-grade dependent,Use GMP lipid grade and route-specific impurity/endotoxin specs.,S003_AVANTI_PHASE,seed_curated,0.72,Permanent/strong cationic lipid; toxicity and hemolysis risk require strict screening.
LIP_DOTMA,DOTMA,,phospholipid,Phospholipid/membrane lipid,cationic lipid,,,,,,liposome/LNP/nanocarrier; route-grade dependent,Use GMP lipid grade and route-specific impurity/endotoxin specs.,S003_AVANTI_PHASE,seed_curated,0.72,Permanent/strong cationic lipid; toxicity and hemolysis risk require strict screening.
LIP_DDAB,DDAB,,phospholipid,Phospholipid/membrane lipid,cationic lipid,,,,,,liposome/LNP/nanocarrier; route-grade dependent,Use GMP lipid grade and route-specific impurity/endotoxin specs.,S003_AVANTI_PHASE,seed_curated,0.72,Permanent/strong cationic lipid; toxicity and hemolysis risk require strict screening.
LIP_DC_CHOL,DC-Chol,,phospholipid,Phospholipid/membrane lipid,cationic lipid,,,,,,liposome/LNP/nanocarrier; route-grade dependent,Use GMP lipid grade and route-specific impurity/endotoxin specs.,S003_AVANTI_PHASE,seed_curated,0.72,Permanent/strong cationic lipid; toxicity and hemolysis risk require strict screening.
LIP_DODAP,DODAP,,phospholipid,Phospholipid/membrane lipid,ionizable lipid,,,,,,liposome/LNP/nanocarrier; route-grade dependent,Use GMP lipid grade and route-specific impurity/endotoxin specs.,S003_AVANTI_PHASE,seed_curated,0.72,Apparent pKa formulation-dependent; critical for LNP potency/tolerability.
LIP_DLIN_MC3_DMA,DLin-MC3-DMA,,phospholipid,Phospholipid/membrane lipid,ionizable lipid,,,,,,liposome/LNP/nanocarrier; route-grade dependent,Use GMP lipid grade and route-specific impurity/endotoxin specs.,S003_AVANTI_PHASE,seed_curated,0.72,Apparent pKa formulation-dependent; critical for LNP potency/tolerability.
LIP_SM_102,SM-102,,phospholipid,Phospholipid/membrane lipid,ionizable lipid,,,,,,liposome/LNP/nanocarrier; route-grade dependent,Use GMP lipid grade and route-specific impurity/endotoxin specs.,S003_AVANTI_PHASE,seed_curated,0.72,Apparent pKa formulation-dependent; critical for LNP potency/tolerability.
LIP_ALC_0315,ALC-0315,,phospholipid,Phospholipid/membrane lipid,ionizable lipid,,,,,,liposome/LNP/nanocarrier; route-grade dependent,Use GMP lipid grade and route-specific impurity/endotoxin specs.,S003_AVANTI_PHASE,seed_curated,0.72,Apparent pKa formulation-dependent; critical for LNP potency/tolerability.
LIP_DLIN_KC2_DMA,Dlin-KC2-DMA,,phospholipid,Phospholipid/membrane lipid,ionizable lipid,,,,,,liposome/LNP/nanocarrier; route-grade dependent,Use GMP lipid grade and route-specific impurity/endotoxin specs.,S003_AVANTI_PHASE,seed_curated,0.72,Apparent pKa formulation-dependent; critical for LNP potency/tolerability.
LIP_DODMA,DODMA,,phospholipid,Phospholipid/membrane lipid,ionizable lipid,,,,,,liposome/LNP/nanocarrier; route-grade dependent,Use GMP lipid grade and route-specific impurity/endotoxin specs.,S003_AVANTI_PHASE,seed_curated,0.72,Apparent pKa formulation-dependent; critical for LNP potency/tolerability.
LIP_SPHINGOMYELIN,Sphingomyelin,,phospholipid,Phospholipid/membrane lipid,sphingolipid,,,,,,liposome/LNP/nanocarrier; route-grade dependent,Use GMP lipid grade and route-specific impurity/endotoxin specs.,S003_AVANTI_PHASE,seed_curated,0.72,Sphingolipid; grade/acyl distribution dependent.
LIP_CERAMIDE,Ceramide,,phospholipid,Phospholipid/membrane lipid,sphingolipid,,,,,,liposome/LNP/nanocarrier; route-grade dependent,Use GMP lipid grade and route-specific impurity/endotoxin specs.,S003_AVANTI_PHASE,seed_curated,0.72,Sphingolipid; grade/acyl distribution dependent.
LIP_GLUCOSYLCERAMIDE,Glucosylceramide,,phospholipid,Phospholipid/membrane lipid,sphingolipid,,,,,,liposome/LNP/nanocarrier; route-grade dependent,Use GMP lipid grade and route-specific impurity/endotoxin specs.,S003_AVANTI_PHASE,seed_curated,0.72,Sphingolipid; grade/acyl distribution dependent.
LIP_SAINT_LIPID_PLACEHOLDER,SAINT lipid placeholder,,phospholipid,Phospholipid/membrane lipid,cationic lipid placeholder,,,,,,liposome/LNP/nanocarrier; route-grade dependent,Use GMP lipid grade and route-specific impurity/endotoxin specs.,S000_USER_SPEC,seed_curated,0.72,Placeholder because SAINT family has multiple proprietary structures; add exact SAINT-2/SAINT-18 row before use.
STE_CHOLESTEROL,Cholesterol,,sterol,Sterol/sterol derivative,cholesterol,,,,,,"liposomes, niosomes, SLN/NLC; oral/topical/parenteral grade-dependent",Cholesterol has broad precedent; derivatives require route-specific assessment.,S001_PUBCHEM,seed_curated,0.72,canonical membrane rigidifier
STE_CHOLESTERYL_HEMISUCCINATE,Cholesteryl hemisuccinate,,sterol,Sterol/sterol derivative,anionic cholesterol ester,,,,,,"liposomes, niosomes, SLN/NLC; oral/topical/parenteral grade-dependent",Cholesterol has broad precedent; derivatives require route-specific assessment.,S001_PUBCHEM,seed_curated,0.72,pH-responsive/anionic sterol derivative
STE_ERGOSTEROL,Ergosterol,,sterol,Sterol/sterol derivative,fungal sterol,,,,,,"liposomes, niosomes, SLN/NLC; oral/topical/parenteral grade-dependent",Cholesterol has broad precedent; derivatives require route-specific assessment.,S001_PUBCHEM,seed_curated,0.72,polyene-binding relevance
STE_BETA_SITOSTEROL,Beta-sitosterol,,sterol,Sterol/sterol derivative,phytosterol,,,,,,"liposomes, niosomes, SLN/NLC; oral/topical/parenteral grade-dependent",Cholesterol has broad precedent; derivatives require route-specific assessment.,S001_PUBCHEM,seed_curated,0.72,phytosterol membrane-ordering candidate
STE_LANOSTEROL,Lanosterol,,sterol,Sterol/sterol derivative,sterol precursor,,,,,,"liposomes, niosomes, SLN/NLC; oral/topical/parenteral grade-dependent",Cholesterol has broad precedent; derivatives require route-specific assessment.,S001_PUBCHEM,seed_curated,0.72,less common sterol derivative
BILE_SODIUM_CHOLATE,Sodium cholate,,bile_salt,Bile salt/bilosome edge material,bile salt,,,,,,oral bilosomes/transfer-like vesicles; route-specific toxicity testing required,Membrane-active; evaluate hemolysis/cytotoxicity.,S007_EXCIPIENTS_HANDBOOK,seed_curated,0.64,
BILE_SODIUM_DEOXYCHOLATE,Sodium deoxycholate,,bile_salt,Bile salt/bilosome edge material,bile salt,,,,,,oral bilosomes/transfer-like vesicles; route-specific toxicity testing required,Membrane-active; evaluate hemolysis/cytotoxicity.,S007_EXCIPIENTS_HANDBOOK,seed_curated,0.64,
BILE_SODIUM_TAUROCHOLATE,Sodium taurocholate,,bile_salt,Bile salt/bilosome edge material,bile salt,,,,,,oral bilosomes/transfer-like vesicles; route-specific toxicity testing required,Membrane-active; evaluate hemolysis/cytotoxicity.,S007_EXCIPIENTS_HANDBOOK,seed_curated,0.64,
BILE_SODIUM_GLYCOCHOLATE,Sodium glycocholate,,bile_salt,Bile salt/bilosome edge material,bile salt,,,,,,oral bilosomes/transfer-like vesicles; route-specific toxicity testing required,Membrane-active; evaluate hemolysis/cytotoxicity.,S007_EXCIPIENTS_HANDBOOK,seed_curated,0.64,
BILE_SODIUM_TAURODEOXYCHOLATE,Sodium taurodeoxycholate,,bile_salt,Bile salt/bilosome edge material,bile salt,,,,,,oral bilosomes/transfer-like vesicles; route-specific toxicity testing required,Membrane-active; evaluate hemolysis/cytotoxicity.,S007_EXCIPIENTS_HANDBOOK,seed_curated,0.64,
BILE_SODIUM_GLYCODEOXYCHOLATE,Sodium glycodeoxycholate,,bile_salt,Bile salt/bilosome edge material,bile salt,,,,,,oral bilosomes/transfer-like vesicles; route-specific toxicity testing required,Membrane-active; evaluate hemolysis/cytotoxicity.,S007_EXCIPIENTS_HANDBOOK,seed_curated,0.64,
BILE_SODIUM_TAUROCHENODEOXYCHOLATE,Sodium taurochenodeoxycholate,,bile_salt,Bile salt/bilosome edge material,bile salt,,,,,,oral bilosomes/transfer-like vesicles; route-specific toxicity testing required,Membrane-active; evaluate hemolysis/cytotoxicity.,S007_EXCIPIENTS_HANDBOOK,seed_curated,0.64,
BILE_SODIUM_CHENODEOXYCHOLATE,Sodium chenodeoxycholate,,bile_salt,Bile salt/bilosome edge material,bile salt,,,,,,oral bilosomes/transfer-like vesicles; route-specific toxicity testing required,Membrane-active; evaluate hemolysis/cytotoxicity.,S007_EXCIPIENTS_HANDBOOK,seed_curated,0.64,
OIL_STEARIC_ACID,Stearic acid,,solid_lipid,Solid lipid/oil/wax,fatty acid,,,,,,oral/topical/parenteral lipid excipient depending on grade,Mixtures require grade-specific acid/saponification/peroxide values.,S007_EXCIPIENTS_HANDBOOK,seed_curated,0.6,
OIL_PALMITIC_ACID,Palmitic acid,,solid_lipid,Solid lipid/oil/wax,fatty acid,,,,,,oral/topical/parenteral lipid excipient depending on grade,Mixtures require grade-specific acid/saponification/peroxide values.,S007_EXCIPIENTS_HANDBOOK,seed_curated,0.6,
OIL_OLEIC_ACID,Oleic acid,,liquid_lipid,Solid lipid/oil/wax,fatty acid/liquid lipid,,,,,,oral/topical/parenteral lipid excipient depending on grade,Mixtures require grade-specific acid/saponification/peroxide values.,S007_EXCIPIENTS_HANDBOOK,seed_curated,0.6,
OIL_MYRISTIC_ACID,Myristic acid,,solid_lipid,Solid lipid/oil/wax,fatty acid,,,,,,oral/topical/parenteral lipid excipient depending on grade,Mixtures require grade-specific acid/saponification/peroxide values.,S007_EXCIPIENTS_HANDBOOK,seed_curated,0.6,
OIL_LAURIC_ACID,Lauric acid,,solid_lipid,Solid lipid/oil/wax,fatty acid,,,,,,oral/topical/parenteral lipid excipient depending on grade,Mixtures require grade-specific acid/saponification/peroxide values.,S007_EXCIPIENTS_HANDBOOK,seed_curated,0.6,
OIL_CAPRIC_ACID,Capric acid,,solid_lipid,Solid lipid/oil/wax,fatty acid,,,,,,oral/topical/parenteral lipid excipient depending on grade,Mixtures require grade-specific acid/saponification/peroxide values.,S007_EXCIPIENTS_HANDBOOK,seed_curated,0.6,
OIL_CAPRYLIC_ACID,Caprylic acid,,liquid_lipid,Solid lipid/oil/wax,fatty acid,,,,,,oral/topical/parenteral lipid excipient depending on grade,Mixtures require grade-specific acid/saponification/peroxide values.,S007_EXCIPIENTS_HANDBOOK,seed_curated,0.6,
OIL_GLYCERYL_MONOSTEARATE,Glyceryl monostearate,,solid_lipid,Solid lipid/oil/wax,glyceride/solid lipid,,,,,,oral/topical/parenteral lipid excipient depending on grade,Mixtures require grade-specific acid/saponification/peroxide values.,S007_EXCIPIENTS_HANDBOOK,seed_curated,0.6,
OIL_GLYCERYL_BEHENATE_COMPRITOL_888_ATO,Glyceryl behenate / Compritol 888 ATO,Compritol 888 ATO;Glyceryl behenate,solid_lipid,Solid lipid/oil/wax,glyceride/solid lipid,,,,,,oral/topical/parenteral lipid excipient depending on grade,Mixtures require grade-specific acid/saponification/peroxide values.,S007_EXCIPIENTS_HANDBOOK,seed_curated,0.6,
OIL_GLYCERYL_PALMITOSTEARATE_PRECIROL_ATO_5,Glyceryl palmitostearate / Precirol ATO 5,Glyceryl palmitostearate;Precirol ATO 5,solid_lipid,Solid lipid/oil/wax,glyceride/solid lipid,,,,,,oral/topical/parenteral lipid excipient depending on grade,Mixtures require grade-specific acid/saponification/peroxide values.,S007_EXCIPIENTS_HANDBOOK,seed_curated,0.6,
OIL_TRIMYRISTIN_DYNASAN_114,Trimyristin / Dynasan 114,Dynasan 114;Trimyristin,solid_lipid,Solid lipid/oil/wax,triglyceride/solid lipid,,,,,,oral/topical/parenteral lipid excipient depending on grade,Mixtures require grade-specific acid/saponification/peroxide values.,S007_EXCIPIENTS_HANDBOOK,seed_curated,0.6,
OIL_TRIPALMITIN_DYNASAN_116,Tripalmitin / Dynasan 116,Dynasan 116;Tripalmitin,solid_lipid,Solid lipid/oil/wax,triglyceride/solid lipid,,,,,,oral/topical/parenteral lipid excipient depending on grade,Mixtures require grade-specific acid/saponification/peroxide values.,S007_EXCIPIENTS_HANDBOOK,seed_curated,0.6,
OIL_TRISTEARIN_DYNASAN_118,Tristearin / Dynasan 118,Dynasan 118;Tristearin,solid_lipid,Solid lipid/oil/wax,triglyceride/solid lipid,,,,,,oral/topical/parenteral lipid excipient depending on grade,Mixtures require grade-specific acid/saponification/peroxide values.,S007_EXCIPIENTS_HANDBOOK,seed_curated,0.6,
OIL_CETYL_PALMITATE,Cetyl palmitate,,solid_lipid,Solid lipid/oil/wax,wax ester,,,,,,oral/topical/parenteral lipid excipient depending on grade,Mixtures require grade-specific acid/saponification/peroxide values.,S007_EXCIPIENTS_HANDBOOK,seed_curated,0.6,
OIL_WITEPSOL_H15,Witepsol H15,,solid_lipid,Solid lipid/oil/wax,hard fat suppository base,,,,,,oral/topical/parenteral lipid excipient depending on grade,Mixtures require grade-specific acid/saponification/peroxide values.,S007_EXCIPIENTS_HANDBOOK,seed_curated,0.6,
OIL_WITEPSOL_W35,Witepsol W35,,solid_lipid,Solid lipid/oil/wax,hard fat suppository base,,,,,,oral/topical/parenteral lipid excipient depending on grade,Mixtures require grade-specific acid/saponification/peroxide values.,S007_EXCIPIENTS_HANDBOOK,seed_curated,0.6,
OIL_GELUCIRE_44_14,Gelucire 44/14,14;Gelucire 44,solid_lipid,Solid lipid/oil/wax,PEG glyceride,,,,,,oral/topical/parenteral lipid excipient depending on grade,Mixtures require grade-specific acid/saponification/peroxide values.,S009_GATTEFOSSE,seed_curated,0.6,
OIL_GELUCIRE_50_13,Gelucire 50/13,13;Gelucire 50,solid_lipid,Solid lipid/oil/wax,PEG glyceride,,,,,,oral/topical/parenteral lipid excipient depending on grade,Mixtures require grade-specific acid/saponification/peroxide values.,S009_GATTEFOSSE,seed_curated,0.6,
OIL_GELUCIRE_43_01,Gelucire 43/01,01;Gelucire 43,solid_lipid,Solid lipid/oil/wax,glyceride,,,,,,oral/topical/parenteral lipid excipient depending on grade,Mixtures require grade-specific acid/saponification/peroxide values.,S009_GATTEFOSSE,seed_curated,0.6,
OIL_ETHYL_OLEATE,Ethyl oleate,,liquid_lipid,Solid lipid/oil/wax,liquid lipid/oil,,,,,,oral/topical/parenteral lipid excipient depending on grade,Mixtures require grade-specific acid/saponification/peroxide values.,S007_EXCIPIENTS_HANDBOOK,seed_curated,0.6,
OIL_MEDIUM_CHAIN_TRIGLYCERIDES,Medium-chain triglycerides,MCT;caprylic/capric triglyceride,liquid_lipid,Solid lipid/oil/wax,oil/liquid lipid,,,,,,oral/topical/parenteral lipid excipient depending on grade,Mixtures require grade-specific acid/saponification/peroxide values.,S007_EXCIPIENTS_HANDBOOK,seed_curated,0.6,
OIL_MIGLYOL_812,Miglyol 812,,liquid_lipid,Solid lipid/oil/wax,oil/liquid lipid,,,,,,oral/topical/parenteral lipid excipient depending on grade,Mixtures require grade-specific acid/saponification/peroxide values.,S007_EXCIPIENTS_HANDBOOK,seed_curated,0.6,
OIL_MIGLYOL_840,Miglyol 840,,liquid_lipid,Solid lipid/oil/wax,oil/liquid lipid,,,,,,oral/topical/parenteral lipid excipient depending on grade,Mixtures require grade-specific acid/saponification/peroxide values.,S007_EXCIPIENTS_HANDBOOK,seed_curated,0.6,
OIL_LABRAFAC_PG,Labrafac PG,,liquid_lipid,Solid lipid/oil/wax,oil/liquid lipid,,,,,,oral/topical/parenteral lipid excipient depending on grade,Mixtures require grade-specific acid/saponification/peroxide values.,S009_GATTEFOSSE,seed_curated,0.6,
OIL_CAPRYOL_90,Capryol 90,,liquid_lipid,Solid lipid/oil/wax,oil/liquid lipid,,,,,,oral/topical/parenteral lipid excipient depending on grade,Mixtures require grade-specific acid/saponification/peroxide values.,S009_GATTEFOSSE,seed_curated,0.6,
OIL_MAISINE_CC,Maisine CC,,liquid_lipid,Solid lipid/oil/wax,oil/liquid lipid,,,,,,oral/topical/parenteral lipid excipient depending on grade,Mixtures require grade-specific acid/saponification/peroxide values.,S009_GATTEFOSSE,seed_curated,0.6,
OIL_PECEOL,Peceol,,liquid_lipid,Solid lipid/oil/wax,oil/liquid lipid,,,,,,oral/topical/parenteral lipid excipient depending on grade,Mixtures require grade-specific acid/saponification/peroxide values.,S009_GATTEFOSSE,seed_curated,0.6,
OIL_LABRAFIL_M1944CS,Labrafil M1944CS,,liquid_lipid,Solid lipid/oil/wax,oil/liquid lipid,,,,,,oral/topical/parenteral lipid excipient depending on grade,Mixtures require grade-specific acid/saponification/peroxide values.,S009_GATTEFOSSE,seed_curated,0.6,
OIL_LABRAFIL_M2125CS,Labrafil M2125CS,,liquid_lipid,Solid lipid/oil/wax,oil/liquid lipid,,,,,,oral/topical/parenteral lipid excipient depending on grade,Mixtures require grade-specific acid/saponification/peroxide values.,S009_GATTEFOSSE,seed_curated,0.6,
OIL_ISOPROPYL_MYRISTATE,Isopropyl myristate,,liquid_lipid,Solid lipid/oil/wax,oil/liquid lipid,,,,,,oral/topical/parenteral lipid excipient depending on grade,Mixtures require grade-specific acid/saponification/peroxide values.,S007_EXCIPIENTS_HANDBOOK,seed_curated,0.6,
OIL_CASTOR_OIL,Castor oil,,liquid_lipid,Solid lipid/oil/wax,fixed oil,,,,,,oral/topical/parenteral lipid excipient depending on grade,Mixtures require grade-specific acid/saponification/peroxide values.,S007_EXCIPIENTS_HANDBOOK,seed_curated,0.6,
OIL_SOYBEAN_OIL,Soybean oil,,liquid_lipid,Solid lipid/oil/wax,fixed oil,,,,,,oral/topical/parenteral lipid excipient depending on grade,Mixtures require grade-specific acid/saponification/peroxide values.,S007_EXCIPIENTS_HANDBOOK,seed_curated,0.6,
OIL_SESAME_OIL,Sesame oil,,liquid_lipid,Solid lipid/oil/wax,fixed oil,,,,,,oral/topical/parenteral lipid excipient depending on grade,Mixtures require grade-specific acid/saponification/peroxide values.,S007_EXCIPIENTS_HANDBOOK,seed_curated,0.6,
OIL_CORN_OIL,Corn oil,,liquid_lipid,Solid lipid/oil/wax,fixed oil,,,,,,oral/topical/parenteral lipid excipient depending on grade,Mixtures require grade-specific acid/saponification/peroxide values.,S007_EXCIPIENTS_HANDBOOK,seed_curated,0.6,
OIL_OLIVE_OIL,Olive oil,,liquid_lipid,Solid lipid/oil/wax,fixed oil,,,,,,oral/topical/parenteral lipid excipient depending on grade,Mixtures require grade-specific acid/saponification/peroxide values.,S007_EXCIPIENTS_HANDBOOK,seed_curated,0.6,
SOLV_WATER,Water,,solvent,Solvent/co-solvent,organic/aqueous solvent,,,,,,manufacturing/process solvent; residual limits apply,Use ICH Q3C class/PDE and route-specific residual testing.,S005_ICH_Q3C_R9,seed_curated,0.78,
SOLV_ETHANOL,Ethanol,,solvent,Solvent/co-solvent,organic/aqueous solvent,,,,,,manufacturing/process solvent; residual limits apply,Use ICH Q3C class/PDE and route-specific residual testing.,S005_ICH_Q3C_R9,seed_curated,0.78,
SOLV_METHANOL,Methanol,,solvent,Solvent/co-solvent,organic/aqueous solvent,,,,,,manufacturing/process solvent; residual limits apply,Use ICH Q3C class/PDE and route-specific residual testing.,S005_ICH_Q3C_R9,seed_curated,0.78,
SOLV_ACETONE,Acetone,,solvent,Solvent/co-solvent,organic/aqueous solvent,,,,,,manufacturing/process solvent; residual limits apply,Use ICH Q3C class/PDE and route-specific residual testing.,S005_ICH_Q3C_R9,seed_curated,0.78,
SOLV_ETHYL_ACETATE,Ethyl acetate,,solvent,Solvent/co-solvent,organic/aqueous solvent,,,,,,manufacturing/process solvent; residual limits apply,Use ICH Q3C class/PDE and route-specific residual testing.,S005_ICH_Q3C_R9,seed_curated,0.78,
SOLV_CHLOROFORM,Chloroform,,solvent,Solvent/co-solvent,organic/aqueous solvent,,,,,,manufacturing/process solvent; residual limits apply,Use ICH Q3C class/PDE and route-specific residual testing.,S005_ICH_Q3C_R9,seed_curated,0.78,
SOLV_DICHLOROMETHANE,Dichloromethane,,solvent,Solvent/co-solvent,organic/aqueous solvent,,,,,,manufacturing/process solvent; residual limits apply,Use ICH Q3C class/PDE and route-specific residual testing.,S005_ICH_Q3C_R9,seed_curated,0.78,
SOLV_DMSO,DMSO,,solvent,Solvent/co-solvent,organic/aqueous solvent,,,,,,manufacturing/process solvent; residual limits apply,Use ICH Q3C class/PDE and route-specific residual testing.,S005_ICH_Q3C_R9,seed_curated,0.78,
SOLV_ACETONITRILE,Acetonitrile,,solvent,Solvent/co-solvent,organic/aqueous solvent,,,,,,manufacturing/process solvent; residual limits apply,Use ICH Q3C class/PDE and route-specific residual testing.,S005_ICH_Q3C_R9,seed_curated,0.78,
SOLV_ISOPROPANOL,Isopropanol,,solvent,Solvent/co-solvent,organic/aqueous solvent,,,,,,manufacturing/process solvent; residual limits apply,Use ICH Q3C class/PDE and route-specific residual testing.,S005_ICH_Q3C_R9,seed_curated,0.78,
SOLV_PROPYLENE_GLYCOL,Propylene glycol,,solvent,Solvent/co-solvent,organic/aqueous solvent,,,,,,manufacturing/process solvent; residual limits apply,Use ICH Q3C class/PDE and route-specific residual testing.,S005_ICH_Q3C_R9,seed_curated,0.78,
SOLV_PEG_400,PEG 400,,solvent,Solvent/co-solvent,organic/aqueous solvent,,,,,,manufacturing/process solvent; residual limits apply,Use ICH Q3C class/PDE and route-specific residual testing.,S005_ICH_Q3C_R9,seed_curated,0.78,
SOLV_GLYCEROL,Glycerol,,solvent,Solvent/co-solvent,organic/aqueous solvent,,,,,,manufacturing/process solvent; residual limits apply,Use ICH Q3C class/PDE and route-specific residual testing.,S005_ICH_Q3C_R9,seed_curated,0.78,
SOLV_TRANSCUTOL_P,Transcutol P,,solvent,Solvent/co-solvent,organic/aqueous solvent,,,,,,manufacturing/process solvent; residual limits apply,Use ICH Q3C class/PDE and route-specific residual testing.,S005_ICH_Q3C_R9,seed_curated,0.78,
SOLV_DIMETHYLACETAMIDE,Dimethylacetamide,,solvent,Solvent/co-solvent,organic/aqueous solvent,,,,,,manufacturing/process solvent; residual limits apply,Use ICH Q3C class/PDE and route-specific residual testing.,S005_ICH_Q3C_R9,seed_curated,0.78,
SOLV_N_METHYL_2_PYRROLIDONE,N-methyl-2-pyrrolidone,,solvent,Solvent/co-solvent,organic/aqueous solvent,,,,,,manufacturing/process solvent; residual limits apply,Use ICH Q3C class/PDE and route-specific residual testing.,S005_ICH_Q3C_R9,seed_curated,0.78,
SOLV_TERT_BUTANOL,Tert-butanol,,solvent,Solvent/co-solvent,organic/aqueous solvent,,,,,,manufacturing/process solvent; residual limits apply,Use ICH Q3C class/PDE and route-specific residual testing.,S005_ICH_Q3C_R9,seed_curated,0.78,
SOLV_DIETHYL_ETHER,Diethyl ether,,solvent,Solvent/co-solvent,organic/aqueous solvent,,,,,,manufacturing/process solvent; residual limits apply,Use ICH Q3C class/PDE and route-specific residual testing.,S005_ICH_Q3C_R9,seed_curated,0.78,
CAR_MALTODEXTRIN,Maltodextrin,,carrier,Dry carrier/cryoprotectant,saccharide carrier,,,,,,"oral, pulmonary, lyophilized, proniosome/proliposome carrier as grade allows","Grade-specific particle size, microbial/endotoxin and moisture specs required.",S007_EXCIPIENTS_HANDBOOK,seed_curated,0.58,DE controls Tg and hygroscopicity
CAR_MANNITOL,Mannitol,,carrier,Dry carrier/cryoprotectant,crystalline sugar alcohol,,,,,,"oral, pulmonary, lyophilized, proniosome/proliposome carrier as grade allows","Grade-specific particle size, microbial/endotoxin and moisture specs required.",S007_EXCIPIENTS_HANDBOOK,seed_curated,0.58,common inhalation/lyophilization bulking carrier
CAR_TREHALOSE,Trehalose,,carrier,Dry carrier/cryoprotectant,disaccharide cryoprotectant,,,,,,"oral, pulmonary, lyophilized, proniosome/proliposome carrier as grade allows","Grade-specific particle size, microbial/endotoxin and moisture specs required.",S007_EXCIPIENTS_HANDBOOK,seed_curated,0.58,excellent liposome/LNP cryoprotectant
CAR_SUCROSE,Sucrose,,carrier,Dry carrier/cryoprotectant,disaccharide cryoprotectant,,,,,,"oral, pulmonary, lyophilized, proniosome/proliposome carrier as grade allows","Grade-specific particle size, microbial/endotoxin and moisture specs required.",S007_EXCIPIENTS_HANDBOOK,seed_curated,0.58,excellent cryoprotectant; hygroscopicity consideration
CAR_LACTOSE,Lactose,,carrier,Dry carrier/cryoprotectant,disaccharide carrier,,,,,,"oral, pulmonary, lyophilized, proniosome/proliposome carrier as grade allows","Grade-specific particle size, microbial/endotoxin and moisture specs required.",S007_EXCIPIENTS_HANDBOOK,seed_curated,0.58,inhalation carrier; reducing sugar compatibility risk
CAR_GLUCOSE,Glucose,,carrier,Dry carrier/cryoprotectant,monosaccharide,,,,,,"oral, pulmonary, lyophilized, proniosome/proliposome carrier as grade allows","Grade-specific particle size, microbial/endotoxin and moisture specs required.",S007_EXCIPIENTS_HANDBOOK,seed_curated,0.58,reducing sugar; Maillard risk
CAR_SORBITOL,Sorbitol,,carrier,Dry carrier/cryoprotectant,sugar alcohol,,,,,,"oral, pulmonary, lyophilized, proniosome/proliposome carrier as grade allows","Grade-specific particle size, microbial/endotoxin and moisture specs required.",S007_EXCIPIENTS_HANDBOOK,seed_curated,0.58,plasticizer/hygroscopic
CAR_XYLITOL,Xylitol,,carrier,Dry carrier/cryoprotectant,sugar alcohol,,,,,,"oral, pulmonary, lyophilized, proniosome/proliposome carrier as grade allows","Grade-specific particle size, microbial/endotoxin and moisture specs required.",S007_EXCIPIENTS_HANDBOOK,seed_curated,0.58,sugar alcohol carrier
CAR_CYCLODEXTRIN,Cyclodextrin,,carrier,Dry carrier/cryoprotectant,cyclodextrin family,,,,,,"oral, pulmonary, lyophilized, proniosome/proliposome carrier as grade allows","Grade-specific particle size, microbial/endotoxin and moisture specs required.",S007_EXCIPIENTS_HANDBOOK,seed_curated,0.58,placeholder for exact cyclodextrin
CAR_BETA_CYCLODEXTRIN,Beta-cyclodextrin,,carrier,Dry carrier/cryoprotectant,cyclodextrin,,,,,,"oral, pulmonary, lyophilized, proniosome/proliposome carrier as grade allows","Grade-specific particle size, microbial/endotoxin and moisture specs required.",S007_EXCIPIENTS_HANDBOOK,seed_curated,0.58,renal/parenteral caution compared with HPBCD/SBEBCD
CAR_HYDROXYPROPYL_BETA_CYCLODEXTRIN,Hydroxypropyl-beta-cyclodextrin,,carrier,Dry carrier/cryoprotectant,modified cyclodextrin,,,,,,"oral, pulmonary, lyophilized, proniosome/proliposome carrier as grade allows","Grade-specific particle size, microbial/endotoxin and moisture specs required.",S007_EXCIPIENTS_HANDBOOK,seed_curated,0.58,DS and substitution pattern critical
CAR_SULFOBUTYLETHER_BETA_CYCLODEXTRIN,Sulfobutylether-beta-cyclodextrin,,carrier,Dry carrier/cryoprotectant,anionic modified cyclodextrin,,,,,,"oral, pulmonary, lyophilized, proniosome/proliposome carrier as grade allows","Grade-specific particle size, microbial/endotoxin and moisture specs required.",S007_EXCIPIENTS_HANDBOOK,seed_curated,0.58,anionic; renal dose and route-specific limits
CAR_MICROCRYSTALLINE_CELLULOSE,Microcrystalline cellulose,,carrier,Dry carrier/cryoprotectant,insoluble carrier,,,,,,"oral, pulmonary, lyophilized, proniosome/proliposome carrier as grade allows","Grade-specific particle size, microbial/endotoxin and moisture specs required.",S007_EXCIPIENTS_HANDBOOK,seed_curated,0.58,good solid carrier; not soluble
CAR_AEROSIL_COLLOIDAL_SILICON_DIOXIDE,Aerosil / colloidal silicon dioxide,Aerosil;colloidal silicon dioxide,carrier,Dry carrier/cryoprotectant,porous adsorbent,,,,,,"oral, pulmonary, lyophilized, proniosome/proliposome carrier as grade allows","Grade-specific particle size, microbial/endotoxin and moisture specs required.",S007_EXCIPIENTS_HANDBOOK,seed_curated,0.58,high surface area adsorbent; inhalation safety caution
CAR_CALCIUM_CARBONATE,Calcium carbonate,,carrier,Dry carrier/cryoprotectant,inorganic carrier,,,,,,"oral, pulmonary, lyophilized, proniosome/proliposome carrier as grade allows","Grade-specific particle size, microbial/endotoxin and moisture specs required.",S007_EXCIPIENTS_HANDBOOK,seed_curated,0.58,alkaline; can interact with acids
CAR_PREGELATINIZED_STARCH,Pregelatinized starch,,carrier,Dry carrier/cryoprotectant,starch derivative,,,,,,"oral, pulmonary, lyophilized, proniosome/proliposome carrier as grade allows","Grade-specific particle size, microbial/endotoxin and moisture specs required.",S007_EXCIPIENTS_HANDBOOK,seed_curated,0.58,swelling carrier/disintegrant
CAR_L_LEUCINE,L-leucine,L-Leucine;leucine,carrier,Dry carrier/cryoprotectant,amino acid / inhalation dispersibility enhancer,,,,,,"oral, pulmonary, lyophilized, proniosome/proliposome carrier as grade allows","Grade-specific particle size, microbial/endotoxin and moisture specs required.",S007_EXCIPIENTS_HANDBOOK,seed_curated,0.58,surface-active amino acid for inhalation powders
CAR_LEUCINE_FOR_INHALATION_POWDERS,Leucine for inhalation powders,,carrier,Dry carrier/cryoprotectant,amino acid / inhalation dispersibility enhancer,,,,,,"oral, pulmonary, lyophilized, proniosome/proliposome carrier as grade allows","Grade-specific particle size, microbial/endotoxin and moisture specs required.",S007_EXCIPIENTS_HANDBOOK,seed_curated,0.58,duplicate functional grade of L-leucine
CAR_GLYCINE,Glycine,,carrier,Dry carrier/cryoprotectant,amino acid,,,,,,"oral, pulmonary, lyophilized, proniosome/proliposome carrier as grade allows","Grade-specific particle size, microbial/endotoxin and moisture specs required.",S007_EXCIPIENTS_HANDBOOK,seed_curated,0.58,buffer/bulking carrier
CAR_ALBUMIN,Albumin,,carrier,Dry carrier/cryoprotectant,protein carrier,,,,,,"oral, pulmonary, lyophilized, proniosome/proliposome carrier as grade allows","Grade-specific particle size, microbial/endotoxin and moisture specs required.",S007_EXCIPIENTS_HANDBOOK,seed_curated,0.58,biological material; immunogenicity/source control
CHG_DICETYL_PHOSPHATE,Dicetyl phosphate,,ionic_surfactant,Charge inducer/ionic modifier,ionic amphiphile,,,,,,vesicle charge modifier; usually low mol% screening,Cationic agents often cytotoxic; route-specific safety essential.,S001_PUBCHEM,seed_curated,0.58,Add exact grade/salt form before use.
CHG_STEARYLAMINE,Stearylamine,,ionic_surfactant,Charge inducer/ionic modifier,ionic amphiphile,,,,,,vesicle charge modifier; usually low mol% screening,Cationic agents often cytotoxic; route-specific safety essential.,S001_PUBCHEM,seed_curated,0.58,Add exact grade/salt form before use.
CHG_SODIUM_STEARATE,Sodium stearate,,ionic_surfactant,Charge inducer/ionic modifier,ionic amphiphile,,,,,,vesicle charge modifier; usually low mol% screening,Cationic agents often cytotoxic; route-specific safety essential.,S001_PUBCHEM,seed_curated,0.58,Add exact grade/salt form before use.
CHG_SODIUM_OLEATE,Sodium oleate,,ionic_surfactant,Charge inducer/ionic modifier,ionic amphiphile,,,,,,vesicle charge modifier; usually low mol% screening,Cationic agents often cytotoxic; route-specific safety essential.,S001_PUBCHEM,seed_curated,0.58,Add exact grade/salt form before use.
POL_PLGA_50_50,PLGA 50:50,,polymer,Polymer,biodegradable polyester,,,,,,"polymeric nanoparticles, hybrid coating, stabilizer, mucoadhesive systems",Use pharmacopeial/GMP grade where available; polymer MW and residuals are critical.,S007_EXCIPIENTS_HANDBOOK,seed_curated,0.55,lactide:glycolide 50:50
POL_PLGA_65_35,PLGA 65:35,,polymer,Polymer,biodegradable polyester,,,,,,"polymeric nanoparticles, hybrid coating, stabilizer, mucoadhesive systems",Use pharmacopeial/GMP grade where available; polymer MW and residuals are critical.,S007_EXCIPIENTS_HANDBOOK,seed_curated,0.55,lactide:glycolide 65:35
POL_PLGA_75_25,PLGA 75:25,,polymer,Polymer,biodegradable polyester,,,,,,"polymeric nanoparticles, hybrid coating, stabilizer, mucoadhesive systems",Use pharmacopeial/GMP grade where available; polymer MW and residuals are critical.,S007_EXCIPIENTS_HANDBOOK,seed_curated,0.55,lactide:glycolide 75:25
POL_PLA,PLA,,polymer,Polymer,biodegradable polyester,,,,,,"polymeric nanoparticles, hybrid coating, stabilizer, mucoadhesive systems",Use pharmacopeial/GMP grade where available; polymer MW and residuals are critical.,S007_EXCIPIENTS_HANDBOOK,seed_curated,0.55,poly(lactic acid)
POL_PCL,PCL,,polymer,Polymer,biodegradable polyester,,,,,,"polymeric nanoparticles, hybrid coating, stabilizer, mucoadhesive systems",Use pharmacopeial/GMP grade where available; polymer MW and residuals are critical.,S007_EXCIPIENTS_HANDBOOK,seed_curated,0.55,polycaprolactone
POL_PGA,PGA,,polymer,Polymer,biodegradable polyester,,,,,,"polymeric nanoparticles, hybrid coating, stabilizer, mucoadhesive systems",Use pharmacopeial/GMP grade where available; polymer MW and residuals are critical.,S007_EXCIPIENTS_HANDBOOK,seed_curated,0.55,polyglycolide
POL_PEG_1000,PEG 1000,,polymer,Polymer,hydrophilic polymer,,,,,,"polymeric nanoparticles, hybrid coating, stabilizer, mucoadhesive systems",Use pharmacopeial/GMP grade where available; polymer MW and residuals are critical.,S007_EXCIPIENTS_HANDBOOK,seed_curated,0.55,PEG grade
POL_PEG_2000,PEG 2000,,polymer,Polymer,hydrophilic polymer,,,,,,"polymeric nanoparticles, hybrid coating, stabilizer, mucoadhesive systems",Use pharmacopeial/GMP grade where available; polymer MW and residuals are critical.,S007_EXCIPIENTS_HANDBOOK,seed_curated,0.55,PEG grade
POL_PEG_5000,PEG 5000,,polymer,Polymer,hydrophilic polymer,,,,,,"polymeric nanoparticles, hybrid coating, stabilizer, mucoadhesive systems",Use pharmacopeial/GMP grade where available; polymer MW and residuals are critical.,S007_EXCIPIENTS_HANDBOOK,seed_curated,0.55,PEG grade
POL_PEG_10000,PEG 10000,,polymer,Polymer,hydrophilic polymer,,,,,,"polymeric nanoparticles, hybrid coating, stabilizer, mucoadhesive systems",Use pharmacopeial/GMP grade where available; polymer MW and residuals are critical.,S007_EXCIPIENTS_HANDBOOK,seed_curated,0.55,PEG grade
POL_PVA,PVA,,polymer,Polymer,hydrophilic polymer,,,,,,"polymeric nanoparticles, hybrid coating, stabilizer, mucoadhesive systems",Use pharmacopeial/GMP grade where available; polymer MW and residuals are critical.,S007_EXCIPIENTS_HANDBOOK,seed_curated,0.55,degree of hydrolysis critical
POL_PVP_K30,PVP K30,,polymer,Polymer,hydrophilic polymer,,,,,,"polymeric nanoparticles, hybrid coating, stabilizer, mucoadhesive systems",Use pharmacopeial/GMP grade where available; polymer MW and residuals are critical.,S007_EXCIPIENTS_HANDBOOK,seed_curated,0.55,K value grade-dependent
POL_PVP_K90,PVP K90,,polymer,Polymer,hydrophilic polymer,,,,,,"polymeric nanoparticles, hybrid coating, stabilizer, mucoadhesive systems",Use pharmacopeial/GMP grade where available; polymer MW and residuals are critical.,S007_EXCIPIENTS_HANDBOOK,seed_curated,0.55,K value grade-dependent
POL_HPMC,HPMC,,polymer,Polymer,cellulose ether,,,,,,"polymeric nanoparticles, hybrid coating, stabilizer, mucoadhesive systems",Use pharmacopeial/GMP grade where available; polymer MW and residuals are critical.,S007_EXCIPIENTS_HANDBOOK,seed_curated,0.55,substitution/viscosity grade critical
POL_HPC,HPC,,polymer,Polymer,cellulose ether,,,,,,"polymeric nanoparticles, hybrid coating, stabilizer, mucoadhesive systems",Use pharmacopeial/GMP grade where available; polymer MW and residuals are critical.,S007_EXCIPIENTS_HANDBOOK,seed_curated,0.55,
POL_CMC,CMC,,polymer,Polymer,cellulose derivative,,,,,,"polymeric nanoparticles, hybrid coating, stabilizer, mucoadhesive systems",Use pharmacopeial/GMP grade where available; polymer MW and residuals are critical.,S007_EXCIPIENTS_HANDBOOK,seed_curated,0.55,
POL_SODIUM_CMC,Sodium CMC,,polymer,Polymer,cellulose derivative,,,,,,"polymeric nanoparticles, hybrid coating, stabilizer, mucoadhesive systems",Use pharmacopeial/GMP grade where available; polymer MW and residuals are critical.,S007_EXCIPIENTS_HANDBOOK,seed_curated,0.55,
POL_CHITOSAN_LOW_MW,Chitosan low MW,,polymer,Polymer,cationic mucoadhesive polysaccharide,,,,,,"polymeric nanoparticles, hybrid coating, stabilizer, mucoadhesive systems",Use pharmacopeial/GMP grade where available; polymer MW and residuals are critical.,S007_EXCIPIENTS_HANDBOOK,seed_curated,0.55,MW/DD critical
POL_CHITOSAN_MEDIUM_MW,Chitosan medium MW,,polymer,Polymer,cationic mucoadhesive polysaccharide,,,,,,"polymeric nanoparticles, hybrid coating, stabilizer, mucoadhesive systems",Use pharmacopeial/GMP grade where available; polymer MW and residuals are critical.,S007_EXCIPIENTS_HANDBOOK,seed_curated,0.55,MW/DD critical
POL_CHITOSAN_HIGH_MW,Chitosan high MW,,polymer,Polymer,cationic mucoadhesive polysaccharide,,,,,,"polymeric nanoparticles, hybrid coating, stabilizer, mucoadhesive systems",Use pharmacopeial/GMP grade where available; polymer MW and residuals are critical.,S007_EXCIPIENTS_HANDBOOK,seed_curated,0.55,MW/DD critical
POL_TRIMETHYL_CHITOSAN,Trimethyl chitosan,,polymer,Polymer,cationic mucoadhesive polysaccharide,,,,,,"polymeric nanoparticles, hybrid coating, stabilizer, mucoadhesive systems",Use pharmacopeial/GMP grade where available; polymer MW and residuals are critical.,S007_EXCIPIENTS_HANDBOOK,seed_curated,0.55,quaternized chitosan
POL_PEI_LOW_MW,PEI low MW,,polymer,Polymer,cationic polymer,,,,,,"polymeric nanoparticles, hybrid coating, stabilizer, mucoadhesive systems",Use pharmacopeial/GMP grade where available; polymer MW and residuals are critical.,S007_EXCIPIENTS_HANDBOOK,seed_curated,0.55,polyethylenimine
POL_PEI_HIGH_MW,PEI high MW,,polymer,Polymer,cationic polymer,,,,,,"polymeric nanoparticles, hybrid coating, stabilizer, mucoadhesive systems",Use pharmacopeial/GMP grade where available; polymer MW and residuals are critical.,S007_EXCIPIENTS_HANDBOOK,seed_curated,0.55,polyethylenimine
POL_HYALURONIC_ACID,Hyaluronic acid,,polymer,Polymer,anionic biopolymer,,,,,,"polymeric nanoparticles, hybrid coating, stabilizer, mucoadhesive systems",Use pharmacopeial/GMP grade where available; polymer MW and residuals are critical.,S007_EXCIPIENTS_HANDBOOK,seed_curated,0.55,
POL_SODIUM_ALGINATE,Sodium alginate,,polymer,Polymer,anionic biopolymer,,,,,,"polymeric nanoparticles, hybrid coating, stabilizer, mucoadhesive systems",Use pharmacopeial/GMP grade where available; polymer MW and residuals are critical.,S007_EXCIPIENTS_HANDBOOK,seed_curated,0.55,
POL_DEXTRAN,Dextran,,polymer,Polymer,neutral biopolymer,,,,,,"polymeric nanoparticles, hybrid coating, stabilizer, mucoadhesive systems",Use pharmacopeial/GMP grade where available; polymer MW and residuals are critical.,S007_EXCIPIENTS_HANDBOOK,seed_curated,0.55,
POL_HEPARIN,Heparin,,polymer,Polymer,anionic biopolymer,,,,,,"polymeric nanoparticles, hybrid coating, stabilizer, mucoadhesive systems",Use pharmacopeial/GMP grade where available; polymer MW and residuals are critical.,S007_EXCIPIENTS_HANDBOOK,seed_curated,0.55,
POL_PECTIN,Pectin,,polymer,Polymer,anionic biopolymer,,,,,,"polymeric nanoparticles, hybrid coating, stabilizer, mucoadhesive systems",Use pharmacopeial/GMP grade where available; polymer MW and residuals are critical.,S007_EXCIPIENTS_HANDBOOK,seed_curated,0.55,
POL_EUDRAGIT_RS,Eudragit RS,,polymer,Polymer,acrylate copolymer,,,,,,"polymeric nanoparticles, hybrid coating, stabilizer, mucoadhesive systems",Use pharmacopeial/GMP grade where available; polymer MW and residuals are critical.,S007_EXCIPIENTS_HANDBOOK,seed_curated,0.55,permeable sustained-release
POL_EUDRAGIT_RL,Eudragit RL,,polymer,Polymer,acrylate copolymer,,,,,,"polymeric nanoparticles, hybrid coating, stabilizer, mucoadhesive systems",Use pharmacopeial/GMP grade where available; polymer MW and residuals are critical.,S007_EXCIPIENTS_HANDBOOK,seed_curated,0.55,more permeable than RS
POL_EUDRAGIT_L100,Eudragit L100,,polymer,Polymer,anionic acrylate copolymer,,,,,,"polymeric nanoparticles, hybrid coating, stabilizer, mucoadhesive systems",Use pharmacopeial/GMP grade where available; polymer MW and residuals are critical.,S007_EXCIPIENTS_HANDBOOK,seed_curated,0.55,enteric polymer
POL_EUDRAGIT_S100,Eudragit S100,,polymer,Polymer,anionic acrylate copolymer,,,,,,"polymeric nanoparticles, hybrid coating, stabilizer, mucoadhesive systems",Use pharmacopeial/GMP grade where available; polymer MW and residuals are critical.,S007_EXCIPIENTS_HANDBOOK,seed_curated,0.55,colon-targeting enteric polymer
POL_EUDRAGIT_E_PO,Eudragit E PO,,polymer,Polymer,cationic acrylate copolymer,,,,,,"polymeric nanoparticles, hybrid coating, stabilizer, mucoadhesive systems",Use pharmacopeial/GMP grade where available; polymer MW and residuals are critical.,S007_EXCIPIENTS_HANDBOOK,seed_curated,0.55,soluble below pH ~5
POL_GELATIN,Gelatin,,polymer,Polymer,protein/natural polymer,,,,,,"polymeric nanoparticles, hybrid coating, stabilizer, mucoadhesive systems",Use pharmacopeial/GMP grade where available; polymer MW and residuals are critical.,S007_EXCIPIENTS_HANDBOOK,seed_curated,0.55,
POL_ALBUMIN_POLYMER_GRADE,Albumin polymer grade,,polymer,Polymer,protein/natural polymer,,,,,,"polymeric nanoparticles, hybrid coating, stabilizer, mucoadhesive systems",Use pharmacopeial/GMP grade where available; polymer MW and residuals are critical.,S007_EXCIPIENTS_HANDBOOK,seed_curated,0.55,
POL_CASEIN,Casein,,polymer,Polymer,protein/natural polymer,,,,,,"polymeric nanoparticles, hybrid coating, stabilizer, mucoadhesive systems",Use pharmacopeial/GMP grade where available; polymer MW and residuals are critical.,S007_EXCIPIENTS_HANDBOOK,seed_curated,0.55,
POL_ZEIN,Zein,,polymer,Polymer,protein/natural polymer,,,,,,"polymeric nanoparticles, hybrid coating, stabilizer, mucoadhesive systems",Use pharmacopeial/GMP grade where available; polymer MW and residuals are critical.,S007_EXCIPIENTS_HANDBOOK,seed_curated,0.55,
POL_PEG_400_POLYMER_GRADE,PEG 400 polymer grade,,polymer,Polymer,hydrophilic polymer / co-solvent,,,,,,"polymeric nanoparticles, hybrid coating, stabilizer, mucoadhesive systems",Use pharmacopeial/GMP grade where available; polymer MW and residuals are critical.,S007_EXCIPIENTS_HANDBOOK,seed_curated,0.55,distinct polymer-role row; same chemistry as PEG 400 solvent material
SEED_API002,Dexamethasone sodium phosphate,DSP,api,corticosteroid,glucocorticoid salt,2392-39-4,16961,,,,ocular;parenteral;pulmonary,Water-soluble prodrug salt,pubchem,seed-union,0.7,Unioned from bootstrap Python seed (not in Excel master).
SEED_API008,Triamcinolone acetonide,TA,api,corticosteroid,glucocorticoid,76-25-5,6436,,,,topical;ocular;parenteral;pulmonary,Potent glucocorticoid,pubchem,seed-union,0.72,Unioned from bootstrap Python seed (not in Excel master).
SEED_API017,Meloxicam,,api,nsaid,oxicam,71125-38-7,54677470,,,,oral;parenteral,Amphoteric NSAID,pubchem,seed-union,0.72,Unioned from bootstrap Python seed (not in Excel master).
SEED_API023,Fluconazole,,api,antifungal,azole,86386-73-4,3365,,,,oral;parenteral,Water-soluble azole,pubchem,seed-union,0.75,Unioned from bootstrap Python seed (not in Excel master).
SEED_API024,Ciprofloxacin,CIP,api,antibiotic,fluoroquinolone,85721-33-1,2764,,,,oral;parenteral;ocular;pulmonary,Zwitterionic antibiotic,pubchem,seed-union,0.72,Unioned from bootstrap Python seed (not in Excel master).
SEED_API031,Lidocaine,,api,local anesthetic,amide,137-58-6,3676,,,,topical;parenteral,Weak base local anesthetic,pubchem,seed-union,0.78,Unioned from bootstrap Python seed (not in Excel master).
SEED_API032,Insulin (placeholder),insulin,api,biologic,peptide payload,,,,,,parenteral;pulmonary,PLACEHOLDER payload; conformational/aggregation liabilities; verify all data,estimated,seed-union,0.3,Unioned from bootstrap Python seed (not in Excel master).
SEED_SUR017,Brij 93,polyoxyethylene (2) oleyl ether,nonionic_surfactant,brij,,9004-98-2,,,,,oral;topical;parenteral;pulmonary,Low-HLB unsaturated vesicle former,hpe,seed-union,0.7,Unioned from bootstrap Python seed (not in Excel master).
SEED_SUR026,Soluplus,PVCL-PVA-PEG graft copolymer,nonionic_surfactant,polymeric solubilizer,,402932-23-4,,,,,oral;topical;parenteral;pulmonary,Amphiphilic graft copolymer for ASD/micelles,hpe,seed-union,0.62,Unioned from bootstrap Python seed (not in Excel master).
SEED_STE005,Stigmasterol,,sterol,phytosterol,,83-48-7,5280794,,,,oral;topical,Phytosterol,pubchem,seed-union,0.63,Unioned from bootstrap Python seed (not in Excel master).
SEED_BIL007,Sodium ursodeoxycholate,SUDC,bile_salt,bile salt,,,,,,,oral,UDCA salt; milder,pubchem,seed-union,0.66,Unioned from bootstrap Python seed (not in Excel master).
SEED_FA006,Linoleic acid,C18:2,liquid_lipid,fatty acid,,60-33-3,5280450,,,,oral;parenteral;topical;pulmonary,Polyunsaturated liquid FA,hpe,seed-union,0.78,Unioned from bootstrap Python seed (not in Excel master).
SEED_SL007,Beeswax,cera alba,solid_lipid,wax,,8012-89-3,,,,,oral;parenteral;topical;pulmonary,Natural wax; variable composition,hpe,seed-union,0.6,Unioned from bootstrap Python seed (not in Excel master).
SEED_SL008,Carnauba wax,,solid_lipid,wax,,8015-86-9,,,,,oral;parenteral;topical;pulmonary,High-melting natural wax,hpe,seed-union,0.6,Unioned from bootstrap Python seed (not in Excel master).
SEED_OIL006,Squalene,,liquid_lipid,oil,,111-02-4,638072,,,,oral;topical;parenteral,Adjuvant/emulsion oil (MF59-like),supplier,seed-union,0.7,Unioned from bootstrap Python seed (not in Excel master).
SEED_OIL007,Squalane,,liquid_lipid,oil,,111-01-3,12626,,,,oral;topical;parenteral,Saturated stable emulsion oil,supplier,seed-union,0.7,Unioned from bootstrap Python seed (not in Excel master).
SEED_SOL016,n-Hexane,,solvent,solvent,,110-54-3,8058,,,,process,Nonpolar; class 2,ich_q3c,seed-union,0.75,Unioned from bootstrap Python seed (not in Excel master).
SEED_SOL017,n-Heptane,,solvent,solvent,,142-82-5,8900,,,,process,Nonpolar; class 3,ich_q3c,seed-union,0.75,Unioned from bootstrap Python seed (not in Excel master).
SEED_SOL018,Toluene,,solvent,solvent,,108-88-3,1140,,,,process,Aromatic; class 2,ich_q3c,seed-union,0.75,Unioned from bootstrap Python seed (not in Excel master).
SEED_SOL019,Tetrahydrofuran,THF,solvent,solvent,,109-99-9,8028,,,,process,Peroxide-forming; class 2,ich_q3c,seed-union,0.75,Unioned from bootstrap Python seed (not in Excel master).
SEED_SOL020,Triacetin,glyceryl triacetate,solvent,solvent,,102-76-1,5541,,,,process,Plasticizer/oil-like cosolvent,ich_q3c,seed-union,0.68,Unioned from bootstrap Python seed (not in Excel master).
SEED_CAR004,Lactose monohydrate,,carrier,disaccharide,,64044-51-5,,,,,pulmonary;oral,Standard DPI carrier,hpe,seed-union,0.82,Unioned from bootstrap Python seed (not in Excel master).
SEED_CAR014,Pullulan,,carrier,polysaccharide,,9057-02-7,,,,,pulmonary;oral,Film/matrix former; glass former,hpe,seed-union,0.62,Unioned from bootstrap Python seed (not in Excel master).
SEED_POL010,Chitosan (low MW),,polymer,polysaccharide (cationic),,9012-76-4,,,,,parenteral;oral;topical,Mucoadhesive cationic polymer; pKa ~6.5,supplier,seed-union,0.7,Unioned from bootstrap Python seed (not in Excel master).
SEED_POL012,Polyethylenimine (branched),PEI 25k,polymer,cationic polymer,,9002-98-6,,,,,parenteral;oral;topical,Strong condenser; cytotoxic (proton sponge),supplier,seed-union,0.62,Unioned from bootstrap Python seed (not in Excel master).
API_CHEMBL_METHOTREXATE,Methotrexate,MTX;Amethopterin,api,anticancer,antimetabolite (antifolate),,,,FBOZXECLQNJBKD-ZDUSSCGKSA-N,,parenteral;oral,,S017_CHEMBL,curated,0.8,High-PSA polar antifolate; poor passive permeability. ChEMBL v34 calculated constants. Formula C20H22N8O5; ChEMBL CHEMBL34259.
API_CHEMBL_GEMCITABINE,Gemcitabine,dFdC;LY-188011,api,anticancer,nucleoside analog,,,,SDUQYLNIPVEERB-QPPQHZFASA-N,,parenteral,,S017_CHEMBL,curated,0.8,Hydrophilic nucleoside; short plasma half-life. ChEMBL v34 calculated constants. Formula C9H11F2N3O4; ChEMBL CHEMBL888.
API_CHEMBL_TAMOXIFEN,Tamoxifen,ICI-47699,api,anticancer,selective estrogen receptor modulator,,,,NKANXQFJJICGDU-QPLCGJKRSA-N,,oral,,S017_CHEMBL,curated,0.8,Very lipophilic (logP 6); classic lipid-carrier candidate. ChEMBL v34 calculated constants. Formula C26H29NO; ChEMBL CHEMBL83.
API_CHEMBL_IMATINIB,Imatinib,STI-571;Gleevec,api,anticancer,tyrosine kinase inhibitor,,,,KTUFNOKKBVMGRW-UHFFFAOYSA-N,,oral,,S017_CHEMBL,curated,0.8,Weakly basic TKI. ChEMBL v34 calculated constants. Formula C29H31N7O; ChEMBL CHEMBL941.
API_CHEMBL_AZITHROMYCIN,Azithromycin,Zithromax;CP-62993,api,antibiotic,macrolide,,,,MQTOSJVFKKJCRP-BICOPXKESA-N,,oral;parenteral;pulmonary,,S017_CHEMBL,curated,0.8,Large macrolide; 2 Ro5 violations. ChEMBL v34 calculated constants. Formula C38H72N2O12; ChEMBL CHEMBL529.
API_CHEMBL_EFAVIRENZ,Efavirenz,DMP-266;Sustiva,api,antiviral,NNRTI,,,,XPOQHMRABVBWPR-ZDUSSCGKSA-N,,oral,,S017_CHEMBL,curated,0.8,Poorly water-soluble NNRTI; BCS II. ChEMBL v34 calculated constants. Formula C14H9ClF3NO2; ChEMBL CHEMBL223228.
API_CHEMBL_KETOCONAZOLE,Ketoconazole,(2S4R)-ketoconazole,api,antifungal,imidazole azole,,,,XMAYWYJOQHXEEK-ZEQKJWHPSA-N,,oral;topical,,S017_CHEMBL,curated,0.8,Lipophilic azole; 2D constants from ChEMBL levoketoconazole entry (identical for the racemate). Formula C26H28Cl2N4O4; ChEMBL CHEMBL295698.
API_CHEMBL_CARBAMAZEPINE,Carbamazepine,Tegretol;G-32883,api,cns,anticonvulsant (tricyclic),,,,FFGPTBGBLSHEPO-UHFFFAOYSA-N,,oral,,S017_CHEMBL,curated,0.8,BCS II anticonvulsant; polymorphic. ChEMBL v34 calculated constants. Formula C15H12N2O; ChEMBL CHEMBL108.
API_CHEMBL_METFORMIN,Metformin,LA-6023,api,antidiabetic,biguanide,,,,XZWYZXLIPXDOLR-UHFFFAOYSA-N,,oral,,S017_CHEMBL,curated,0.8,Very hydrophilic biguanide (logP -1); high aqueous solubility. ChEMBL v34 calculated constants. Formula C4H11N5; ChEMBL CHEMBL1431.
API_CHEMBL_FLUOROURACIL,Fluorouracil,5-fluorouracil;5-FU,api,anticancer,antimetabolite (pyrimidine),,,,GHASVSINZRGABV-UHFFFAOYSA-N,,parenteral;topical,,S017_CHEMBL,curated,0.8,Hydrophilic antimetabolite. ChEMBL v34 calculated constants. Formula C4H3FN2O2; ChEMBL CHEMBL185.
API_CHEMBL_CYTARABINE,Cytarabine,Ara-C;Cytosar,api,anticancer,nucleoside analog,,,,UHDGCWIWMRVCDJ-CCXZUQQUSA-N,,parenteral,,S017_CHEMBL,curated,0.8,Hydrophilic; marketed liposomal forms. ChEMBL v34 calculated constants. Formula C9H13N3O5; ChEMBL CHEMBL803.
API_CHEMBL_ETOPOSIDE,Etoposide,VP-16,api,anticancer,topoisomerase II inhibitor,,,,VJJPUSNTGOMMGY-MRVIYFEKSA-N,,oral;parenteral,,S017_CHEMBL,curated,0.8,Poorly soluble; 2 Ro5 violations. ChEMBL v34 calculated constants. Formula C29H32O13; ChEMBL CHEMBL44657.
API_CHEMBL_SORAFENIB,Sorafenib,BAY 43-9006,api,anticancer,multikinase inhibitor,,,,MLDQJTXFUGDVEO-UHFFFAOYSA-N,,oral,,S017_CHEMBL,curated,0.8,Lipophilic BCS II kinase inhibitor. ChEMBL v34 calculated constants. Formula C21H16ClF3N4O3; ChEMBL CHEMBL1336.
API_CHEMBL_ERLOTINIB,Erlotinib,OSI-774,api,anticancer,EGFR tyrosine kinase inhibitor,,,,AAKJLRGGTJKAMG-UHFFFAOYSA-N,,oral,,S017_CHEMBL,curated,0.8,EGFR TKI. ChEMBL v34 calculated constants. Formula C22H23N3O4; ChEMBL CHEMBL553.
API_CHEMBL_TEMOZOLOMIDE,Temozolomide,TMZ,api,anticancer,alkylating (imidazotetrazine),,,,BPEGJWRSRHCHSN-UHFFFAOYSA-N,,oral;parenteral,,S017_CHEMBL,curated,0.8,Hydrophilic CNS alkylator. ChEMBL v34 calculated constants. Formula C6H6N6O2; ChEMBL CHEMBL810.
API_CHEMBL_MICONAZOLE,Miconazole,,api,antifungal,imidazole azole,,,,BYBLEWFAAKGYCD-UHFFFAOYSA-N,,topical;parenteral,,S017_CHEMBL,curated,0.8,Very lipophilic azole. ChEMBL v34 calculated constants. Formula C18H14Cl4N2O; ChEMBL CHEMBL91.
API_CHEMBL_TERBINAFINE,Terbinafine,Lamisil,api,antifungal,allylamine,,,,DOMXUEMWDBAQBQ-WEVVVXLNSA-N,,oral;topical,,S017_CHEMBL,curated,0.8,Very lipophilic; very low PSA. ChEMBL v34 calculated constants. Formula C21H25N; ChEMBL CHEMBL822.
API_CHEMBL_GRISEOFULVIN,Griseofulvin,,api,antifungal,griseofulvin,,,,DDUHZTYCFQRHIY-RBHXEPJQSA-N,,oral,,S017_CHEMBL,curated,0.8,BCS II; nanocrystal candidate. ChEMBL v34 calculated constants. Formula C17H17ClO6; ChEMBL CHEMBL562.
API_CHEMBL_LEVOFLOXACIN,Levofloxacin,,api,antibiotic,fluoroquinolone,,,,GSDSWSVVBLHKDQ-JTQLQIEISA-N,,oral;parenteral;pulmonary,,S017_CHEMBL,curated,0.8,Zwitterionic quinolone (anhydrous). ChEMBL v34 calculated constants. Formula C18H20FN3O4; ChEMBL CHEMBL33.
API_CHEMBL_LINEZOLID,Linezolid,Zyvox,api,antibiotic,oxazolidinone,,,,TYZROVQLWOKYKF-ZDUSSCGKSA-N,,oral;parenteral,,S017_CHEMBL,curated,0.8,ChEMBL v34 calculated constants. Formula C16H20FN3O4; ChEMBL CHEMBL126.
API_CHEMBL_CLARITHROMYCIN,Clarithromycin,,api,antibiotic,macrolide,,,,AGOYDEPGAOXOCK-KCBOHYOISA-N,,oral,,S017_CHEMBL,curated,0.8,Large macrolide; 2 Ro5 violations. ChEMBL v34 calculated constants. Formula C38H69NO13; ChEMBL CHEMBL1741.
API_CHEMBL_RISPERIDONE,Risperidone,,api,cns,atypical antipsychotic,,,,RAPZEAPATHNIPO-UHFFFAOYSA-N,,oral;parenteral,,S017_CHEMBL,curated,0.8,Long-acting-injectable candidate. ChEMBL v34 calculated constants. Formula C23H27FN4O2; ChEMBL CHEMBL85.
API_CHEMBL_OLANZAPINE,Olanzapine,Zyprexa,api,cns,atypical antipsychotic,,,,KVWDHTXUZHCGIO-UHFFFAOYSA-N,,oral;parenteral,,S017_CHEMBL,curated,0.8,ChEMBL v34 calculated constants. Formula C17H20N4S; ChEMBL CHEMBL715.
API_CHEMBL_DONEPEZIL,Donepezil,,api,cns,acetylcholinesterase inhibitor,,,,ADEBPBSSDYVVLD-UHFFFAOYSA-N,,oral;topical,,S017_CHEMBL,curated,0.8,Alzheimer therapy; brain-targeting research. ChEMBL v34 calculated constants. Formula C24H29NO3; ChEMBL CHEMBL502.
API_CHEMBL_AMLODIPINE,Amlodipine,,api,cardiovascular,calcium channel blocker (dihydropyridine),,,,HTIQEAQVCYTUBX-UHFFFAOYSA-N,,oral,,S017_CHEMBL,curated,0.8,ChEMBL v34 calculated constants. Formula C20H25ClN2O5; ChEMBL CHEMBL1491.
API_CHEMBL_ROSUVASTATIN,Rosuvastatin,,api,cardiovascular,statin (HMG-CoA reductase inhibitor),,,,BPRHUIZQVSMCRT-VEUZHWNKSA-N,,oral,,S017_CHEMBL,curated,0.8,Hydrophilic statin. ChEMBL v34 calculated constants. Formula C22H28FN3O6S; ChEMBL CHEMBL1496.
API_CHEMBL_EZETIMIBE,Ezetimibe,,api,cardiovascular,cholesterol absorption inhibitor,,,,OLNTVTPDXPETLC-XPWALMASSA-N,,oral,,S017_CHEMBL,curated,0.8,BCS II. ChEMBL v34 calculated constants. Formula C24H21F2NO3; ChEMBL CHEMBL1138.
API_CHEMBL_BERBERINE,Berberine,berberine chloride,api,nutraceutical,isoquinoline alkaloid,,,,VKJGBAJNNALVAV-UHFFFAOYSA-M,,oral,,S017_CHEMBL,curated,0.8,Poorly bioavailable alkaloid; MW is berberine cation (freebase); descriptors from ChEMBL berberine chloride. ChEMBL v34 calculated constants. Formula C20H18NO4; ChEMBL CHEMBL12089.
API_CHEMBL_SILIBININ,Silibinin,Silybin;Silymarin,api,nutraceutical,flavonolignan,,,,SEBFKMXJBCUCAI-DBMPWETRSA-N,,oral,,S017_CHEMBL,curated,0.8,Milk-thistle flavonolignan; poorly soluble. ChEMBL v34 calculated constants. Formula C25H22O10; ChEMBL CHEMBL9509.
API_CHEMBL_RITONAVIR,Ritonavir,Norvir,api,antiviral,HIV protease inhibitor,,,,NCDNCNXCDXHOMX-XGKFQTDJSA-N,,oral,,S017_CHEMBL,curated,0.8,BCS IV; pharmacokinetic booster. ChEMBL v34 calculated constants. Formula C37H48N6O5S2; ChEMBL CHEMBL163.
API_CHEMBL_METRONIDAZOLE,Metronidazole,Flagyl,api,antibiotic,nitroimidazole (antiprotozoal),,,,VAOCPAMSLUNLGC-UHFFFAOYSA-N,,oral;parenteral;topical,,S017_CHEMBL,curated,0.8,ChEMBL v34 calculated constants. Formula C6H9N3O3; ChEMBL CHEMBL137.
